CNES,NOME,EQUIPES,ENDERECO,BAIRRO
6023975,SMS CF DONA ZICA - AP 10,13 - MEIER,"RUA JOAO RODRIGUES, 43",SAO FRANCISCO XAVIER
9079939,SMS CF MEDALHISTA OLIMPICO MAURICIO SILVA AP 10,7 - SAO CRISTOVAO,"AVENIDA CARLOS MATOSO CORREIA, S/N",BENFICA
6506232,SMS CF RINALDO DE LAMARE - AP 21,6 - LAGOA,"AV. NIEMEYER, 776",SAO CONRADO
7414226,SMS CMS HELIO PELLEGRINO - AP 22,8 - TIJUCA,"RUA DO MATOSO, 96",PRACA DA BANDEIRA
6524486,SMS CF RODRIGO Y AGUILAR ROIG - AP 31,29 - COMPLEXO DO ALEMAO,"ESTRADA DO ITARARE, 650",COMPLEXO DO ALEMAO
5467136,SMS CMS PARQUE ROYAL - AP 31,20 - ILHA DO GOVERNADOR,"RUA JORNALISTA ALAIDE PIRES, 25",PORTUGUESA
6681379,SMS CF HERBERT JOSE DE SOUZA - AP 32,12 - INHAUMA,"AVENIDA PASTOR MARTIN LUTHER KING JUNIOR, 4776",TOMAS COELHO
6869009,SMS CF ANA MARIA CONCEICAO DOS SANTOS CORREIA - AP 33,14 - IRAJA,"RUA QUATRO, S/N",VILA KOSMOS
2269732,SMS CMS CARMELA DUTRA - AP 33,15 - MADUREIRA,"AV. DOS ITALIANOS, 480",ROCHA MIRANDA
2269295,SMS CMS CLEMENTINO FRAGA - AP 33,14 - IRAJA,"RUA CAICARA, 514",IRAJA
2270013,SMS CMS CECILIA DONNANGELO - AP 40,24 - BARRA DA TIJUCA,"ESTRADA DOS BANDEIRANTES, 21136",VARGEM PEQUENA
5546591,SMS CF MARIA JOSE DE SOUSA BARBOSA - AP 51,17 - BANGU,"ESTRADA DO TAQUARAL, 100",BANGU
2270560,SMS CMS MASAO GOTO - AP 51,33 - REALENGO,"AV CARLOS PONTES, S/N",JARDIM SULACAP
2270455,SMS CMS PADRE MIGUEL - AP 51,17 - BANGU,"RUA SANTO EVALDO, S/N",PADRE MIGUEL
6512925,SMS UPA 24H COMPLEXO DO ALEMAO - AP 31,29 - COMPLEXO DO ALEMAO,"ESTRADA DO ITARARE, 221",BONSUCESSO
2270323,SMS CMS ADAO PEREIRA NUNES - AP 52,18 - CAMPO GRANDE,"RUA FLORESTAL, S/N",INHOAIBA
2270633,SMS CMS MARIO VITOR DE A PACHECO - AP 52,18 - CAMPO GRANDE,"AVENIDA CESARIO DE MELO, 5580",INHOAIBA
2295253,SMS CF WALDEMAR BERARDINELLI - AP 53,19 - SANTA CRUZ,"RUA FREDERICO TROTA, S/N",SEPETIBA
2273381,SMS HOSPITAL MUNICIPAL JURANDYR MANFREDINI - AP 40,16 - JACAREPAGUA,"RUA SAMPAIO CORREIA, S/N",JACAREPAGUA
7996675,SMS CF GERSON BERGHER - AP 40,16 - JACAREPAGUA,"RUA CANDIDO BENICIO, S/N",PRACA SECA
7107366,SMS COORD DE EMERGENCIA REGIONAL CER ILHA DO GOV - AP 31,20 - ILHA DO GOVERNADOR,"ESTRADA DO GALEAO, 2920",PORTUGUESA
7118376,SMS CAPS AD JULIO CESAR DE CARVALHO - AP 53,19 - SANTA CRUZ,"RUA SEVERIANO DAS CHAGAS, 196",SANTA CRUZ
7110324,SMS PADI PEDRO II - AP 53,19 - SANTA CRUZ,"RUA DO PRADO, 325",SANTA CRUZ
9078983,SMS CF CYPRIANO DAS CHAGAS MEDEIROS - AP 33,25 - PAVUNA,"RUA JUMIRIM, 87",COELHO NETO
6185045,SMS CAPSI JOAO DE BARRO - AP 52,18 - CAMPO GRANDE,"ESTRADA DO CAMPINHO, S/N",CAMPO GRANDE
9111344,SMS CF CANDIDO RIBEIRO DA SILVA FILHO - AP 33,11 - PENHA,"AVENIDA SAO FELIX, 201",VISTA ALEGRE
2291274,SMS CMS JOSE MESSIAS DO CARMO - AP 10,1 - PORTUARIA,"RUA WALDEMAR DUTRA, 55",SANTO CRISTO
7990286,SMS CMS ROCHA MAIA - AP 21,4 - BOTAFOGO,"RUA GENERAL SEVERIANO, 91",BOTAFOGO
2280205,SMS CMS RODOLPHO PERISSE / VIDIGAL - AP 21,6 - LAGOA,"AV. PRESIDENTE JOAO GOULART, 735",VIDIGAL
2269805,SMS CMS MILTON FONTES MAGARAO - AP 32,13 - MEIER,"AV AMARO CAVALCANTI, 1387",ENGENHO DE DENTRO
5465877,SMS CMS NOVO PALMARES - AP 40,24 - BARRA DA TIJUCA,"RUA JACARANDA, 16",VARGEM PEQUENA
7874162,SMS CF WILSON MELLO SANTOS ( ZICO) - AP51,17 - BANGU,"ESTRADA SARGENTO MIGUEL FILHO, S/N",VILA KENNEDY
6559727,SMS CF ILZO MOTTA DE MELLO - AP 53,19 - SANTA CRUZ,"AVENIDA CESARIO DE MELO, 11485",PACIENCIA
7041624,SMS HOSPITAL MUNICIPAL DA MULHER MARISKA RIBEIRO - AP 51,17 - BANGU,"PRACA 1 DE MAIO, S/N",BANGU
6695566,SMS PS CASS - AP 10,3 - RIO COMPRIDO,"RUA AFONSO CAVALCANTE, 455",CIDADE NOVA
2273640,SMS CMS MADRE TERESA DE CALCUTA - AP 31,20 - ILHA DO GOVERNADOR,"AV ILHA DAS ENXADAS, 100",BANCARIOS
6023320,SMS CF AUGUSTO BOAL - AP 31,30 - COMPLEXO DA MARE,"AV. GUILHERME MAXWEL, 107",MARE
6664040,SMS CF HEITOR DOS PRAZERES - AP 31,11 - PENHA,"RUA IGUAPERIBA, 0",BRAS DE PINA
2296551,SMS CMS AMERICO VELOSO - AP 31,30 - COMPLEXO DA MARE,"RUA GERSON FERREIRA, 100",MARE
2270064,SMS POLICLINICA NEWTON ALVES CARDOZO - AP 31,20 - ILHA DO GOVERNADOR,"RUA DR ANTONIO MONTEIRO - ANTIGA RUA COMBU, 191",JARDIM CARIOCA
6926797,SMS CMS RODOLPHO ROCCO - AP 32,12 - INHAUMA,"RUA LAGOA VERDE, S/N",INHAUMA
6974708,SMS CF MAESTRO CELESTINO - AP 33,15 - MADUREIRA,"RUA LOURENCO MARQUES, 70",MARECHAL HERMES
6761704,SMS CF MARIA DE AZEVEDO RODRIGUES PEREIRA - AP 33,22 - ANCHIETA,"PRACA PROFESSORA SANTINHA, S/N",PARQUE ANCHIETA
5315050,SMS CMS PORTUS E QUITANDA - AP 33,25 - PAVUNA,"RUA JORGE NOGUEIRA, S/N",PAVUNA
7873565,SMS CF JOSE DE SOUZA HERDY - AP 40,24 - BARRA DA TIJUCA,"AVENIDA AYRTON SENNA, 2200",BARRA DA TIJUCA
6784720,SMS CMS ITANHANGA - AP 40,24 - BARRA DA TIJUCA,"ESTRADA DO ITANHANGA, 270",ITANHANGA
3416356,SMS CMS BUA BOANERGES BORGES DA FONSECA - AP 51,33 - REALENGO,"RUA LARANJEIRAS DO SUL, S/N",MAGALHAES BASTOS
5546583,SMS CMS CATIRI - AP 51,17 - BANGU,"RUA TRES MARIAS, S/N",BANGU
5154197,SMS CF DAVID CAPISTRANO FILHO - AP 52,18 - CAMPO GRANDE,"AVENIDA CESARIO DE MELO, S/N",INHOAIBA
7894554,SMS CF ISABELA SEVERO DA SILVA - AP 52,18 - CAMPO GRANDE,"RUA VOTORANTIM, 664",CAMPO GRANDE
2269546,SMS CMS DR OSWALDO VILELLA - AP 52,18 - CAMPO GRANDE,"RUA JOMAR MENDES, S/N",CAMPO GRANDE
2270641,SMS CMS PEDRO NAVA - AP 52,18 - CAMPO GRANDE,"RUA DO PERNAMBUCANO, S/N",CAMPO GRANDE
2273586,SMS CMS EMYDIO CABRAL - AP 53,19 - SANTA CRUZ,"RUA IEDA SANTOS DELGADO, 3",PACIENCIA
2269945,SMS RIO HOSPITAL MATERNIDADE ALEXANDER FLEMING,15 - MADUREIRA,"JORGE SHMIDT, 331",MARECHAL HERMES
2295407,SMS HOSPITAL MUNICIPAL ROCHA FARIA - AP 52,18 - CAMPO GRANDE,"AV CESARIO DE MELO, 3215",CAMPO GRANDE
6716849,SMS COORD DE EMERGENCIA REGIONAL CER LEBLON - AP 21,6 - LAGOA,"RUA MARIO RIBEIRO, 1080",LEBLON
6926177,SMS UPA 24 H SEPETIBA - AP 53,19 - SANTA CRUZ,"RUA RAFAEL FERREIRA, S/N",SEPETIBA
2269813,SMS HOSPITAL DE GERIAT. E GERONT. - AP 22,9 - VILA ISABEL,"RUA VISCONDE DE NITEROI, 1450",MANGUEIRA
7884524,SMS CAPS FRANCO BASAGLIA AP 21,4 - BOTAFOGO,"AV. VENCESLAU BRAS, 65",BOTAFOGO
9057706,SMS CF ESTIVADORES - AP 10,7 - SAO CRISTOVAO,"AVENIDA DO EXERCITO, 99",SAO CRISTOVAO
2277271,SMS INST DE MEDICINA VETERINARIA JORGE VAITSMAN - AP10,7 - SAO CRISTOVAO,"AV. BARTOLOMEU DE GUSMAO, 1120",SAO CRISTOVAO
7656106,SMS CAPS AD III PAULO DA PORTELA - AP 33,15 - MADUREIRA,"RUA PIRAPORA, 69",TURIACU
9071385,SMS CMS ALVARO RAMOS - AP 40,16 - JACAREPAGUA,"AVENIDA ADAUTO BOTELHO, S/N",JACAREPAGUA
9307265,SMS CF MARIA JOSE PAPERA DE AZEVEDO - AP 52,18 - CAMPO GRANDE,"ESTRADA DA POSSE, S/N",CAMPO GRANDE
2269651,SMS CMS DOM HELDER CAMARA - AP 21,4 - BOTAFOGO,"RUA VOLUNTARIOS DA PATRIA, 136",BOTAFOGO
6919626,SMS CF SERGIO NICOLAU AMIN - AP 32,12 - INHAUMA,"PRACA DA CONFEDERACAO SUICA, S/N",DEL CASTILHO
6694101,SMS PADI SALGADO FILHO - AP 32,13 - MEIER,"RU ASANTA FE, S/N",MEIER
5483107,SMS NUCLEO DE SAUDE DO TRABALHADOR NUSAT 1 - AP 10,2 - CENTRO,"AVENIDA PRESIDENTE VARGAS, 1997",CENTRO
6804209,SMS CF ASSIS VALENTE - AP 31,20 - ILHA DO GOVERNADOR,"EST. DAS CANARIAS COM AV. BRAS CRISPIN (PRACA), S/N",GALEAO
9090010,SMS CAPS III OSWALDO DOS SANTOS - AP 32,12 - INHAUMA,"RUA LAGOA CLARA, S/N",INHAUMA
7561660,SMS CAPS AD MIRIAM MAKEBA - AP 31,10 - RAMOS,"RUA PROFESSOR LACE, 485",BONSUCESSO
9311661,SMS CF ROMULO CARLOS TEIXEIRA - AP 51,33 - REALENGO,"PRACA MAROBA, S/N",REALENGO
9075143,SMS CF KLEBEL DE OLIVEIRA ROCHA - AP 31,10 - RAMOS,"PRACA CLOMIR TELES CERBINO, S/N",OLARIA
6683851,SMS CF SAMUEL PENHA VALLE - AP 53,19 - SANTA CRUZ,"AV. CESARIO DE MELO, 12574",SANTA CRUZ
9128867,SMS CF AMAURY BOTTANY - AP 33,14 - IRAJA,"AV MONSENHOR FELIX, 512",IRAJA
2291266,SMS RIO HOSPITAL MUNICIPAL FRANCISCO DA SILVA TELLES,14 - IRAJA,"UBIRAJARA, 25",IRAJA
5034272,SMS CAPS ARTHUR BISPO DO ROSARIO - AP 40,16 - JACAREPAGUA,"ESTRADA RODRIGUES CALDAS, 3400",TAQUARA
3567486,SMS CASA DE PARTO DAVID CAPISTRANO FILHO - AP 51,33 - REALENGO,"AVENIDA PEDRO DA CUNHA, S/N",REALENGO
2280191,SMS POLICLINICA LINCOLN DE FREITAS FILHO - AP 53,19 - SANTA CRUZ,"RUA ALVARO ALBERTO, 601",SANTA CRUZ
2270242,SMS HOSPITAL MUNICIPAL BARATA RIBEIRO AP. 1.0,7 - SAO CRISTOVAO,"RUA VISCONDE DE NITEROI, 1450",MANGUEIRA
2298120,SMS HOSPITAL MUNICIPAL ALBERT SCHWEITZER - AP 51,33 - REALENGO,"RUA NILOPOLIS, 329",REALENGO
6631169,SMS UPA 24 H ENGENHO DE DENTRO - AP 32,13 - MEIER,"RUA BERNARDO, S/N",ENGENHO DE DENTRO
2269341,SMS RIO HOSPITAL MUNICIPAL JESUS,9 - VILA ISABEL,"RUA OITO DE DEZEMBRO, 717",VILA ISABEL
2270390,SMS HOSPITAL MATERNIDADE HERCULANO PINHEIRO - AP 33,15 - MADUREIRA,"AV MIN EDGARD ROMERO, 276",MADUREIRA
6421482,SMS UPA 24H MANGUINHOS - AP 31,7 - SAO CRISTOVAO,"AV DOM HELDER CAMARA, 1390",BENFICA
6716911,SMS COORD DE EMERGENCIA REGIONAL CER CENTRO - AP 10,2 - CENTRO,"RUA FREI CANECA, S/N",CENTRO
6995446,SMS COORDENACAO DE EMERGENCIA REGIONAL CER SANTA CRUZ,19 - SANTA CRUZ,"RUA DO PRADO, 325",SANTA CRUZ
2269996,SMS IMAS JULIANO MOREIRA - AP 40,16 - JACAREPAGUA,"ESTRADA RODRIGUES CALDAS, 3400",JACAREPAGUA
6527027,SMS CAPS JOAO FERREIRA SILVA FILHO - AP 31,29 - COMPLEXO DO ALEMAO,"ESTRADA DO ITARARE, 951",COMPLEXO DO ALEMAO
2708418,SMS CAPSI PEQUENO HANS - AP 51,33 - REALENGO,"AVENIDA CARLOS PONTES, S/N",JARDIM SULACAP
7110340,SMS PADI FRANCISCO DA SILVA TELLES - AP 33,14 - IRAJA,"AVENIDA UBIRAJARA, 25",IRAJA
7523246,SMS CF NELIO DE OLIVEIRA - AP 10,1 - PORTUARIA,"RUA RIVADAVIA CORREA, 188",GAMBOA
6023983,SMS CSE SAO FRANCISCO DE ASSIS - AP 10,3 - RIO COMPRIDO,"RUA AFONSO CAVALCANTI, 20",CIDADE NOVA
5476607,SMS CF ADIB JATENE - AP 31,30 - COMPLEXO DA MARE,"AVENIDA BENTO RIBEIRO DANTAS, S/N",MARE
6568491,SMS CF MARIA SEBASTIANA DE OLIVEIRA - AP 31,20 - ILHA DO GOVERNADOR,"AVENIDA DOS MAGISTERIOS, S/N",TAUA
5457009,SMS CMS IRACI LOPES - AP 31,31 - VIGARIO GERAL,"RUA ANTONIO MENDES, 2",VIGARIO GERAL
6914152,SMS CF BIBI VOGEL - AP 32,12 - INHAUMA,"ESTRADA ADHEMAR BEBIANO, 3686",ENGENHO DA RAINHA
7052049,SMS CF CARIOCA - AP 32,13 - MEIER,"RUA BERGAMO, 320",ROCHA
2270471,SMS POLICLINICA RODOLPHO ROCCO - AP 32,12 - INHAUMA,"ESTRADA ADHEMAR BEBIANO, 339",INHAUMA
7108265,SMS CF DANTE ROMANO JUNIOR - AP 33,15 - MADUREIRA,"RUA CAROLINA MACHADO, S/N",MARECHAL HERMES
5417708,SMS CF SOUZA MARQUES - AP 33,15 - MADUREIRA,"PRACA PATRIARCA, S/N",MADUREIRA
2269759,SMS CMS FLAVIO DO COUTO VIEIRA - AP 33,22 - ANCHIETA,"RUA LUCIO JOSE FILHO, S/N",PARQUE ANCHIETA
6927319,SMS CF PADRE JOSE DE AZEVEDO TIUBA - AP 40,16 - JACAREPAGUA,"RUA ACAPORI, S/N",GARDENIA AZUL
3416321,SMS CF ANTONIO GONCALVES DA SILVA - AP 51,33 - REALENGO,"ESTRADA DO ENGENHO NOVO, S/N",REALENGO
6387152,SMS CF OLIMPIA ESTEVES - AP 51,17 - BANGU,"RUA OLIMPIA ESTEVES, S/N",PADRE MIGUEL
6029841,SMS CF ROGERIO ROCCO - AP 52,18 - CAMPO GRANDE,"ESTRADA DO ENCANAMENTO, S/N",COSMOS
2269554,SMS CMS BELIZARIO PENNA - AP 52,18 - CAMPO GRANDE,"RUA FRANKLIN, 29",CAMPO GRANDE
6029825,SMS CMS CARLOS ALBERTO NASCIMENTO - AP 52,18 - CAMPO GRANDE,"PRACA MAJOR VIEIRA DE MELO, 0",CAMPO GRANDE
2273551,SMS CMS ALOYSIO AMANCIO DA SILVA - AP 53,19 - SANTA CRUZ,"ESTRADA DO CURTUME, S/N",SANTA CRUZ
2280760,SMS CMS MARIA APARECIDA DE ALMEIDA - AP 53,19 - SANTA CRUZ,"PRACA ANTONIO MATTOS AREAS, S/N",PACIENCIA
9080163,SMS CF MEDALHISTA OLIMPICO RICARDO LUCARELLI SOUZA AP 10,3 - RIO COMPRIDO,"RUA FREI CANECA, S/N",ESTACIO
2708426,SMS CMS ERNANI AGRICOLA - AP 10,23 - SANTA TERESA,"RUA CONSTANT JARDIM, 8",SANTA TERESA
2288346,SMS CMS MARCOLINO CANDAU - AP 10,3 - RIO COMPRIDO,"RUA LAURA DE ARAUJO, 36",CIDADE NOVA
6272053,SMS CF SANTA MARTA - AP 21,4 - BOTAFOGO,"RUA SAO CLEMENTE, 312",BOTAFOGO
2280795,SMS CMS JOAO BARROS BARRETO - AP 21,5 - COPACABANA,"RUA TENREIRO ARANHA, S/N",COPACABANA
3796310,SMS CMS VILA CANOAS - AP 21,6 - LAGOA,"ESTRADA DAS CANOAS, 610",SAO CONRADO
5358612,SMS CMS CASA BRANCA - AP 22,8 - TIJUCA,"ESTRADA DA CASA BRANCA, 200",TIJUCA
2280779,SMS CMS NECKER PINTO - AP 31,20 - ILHA DO GOVERNADOR,"ESTRADA RIO JEQUIA, 428",CACUIA
7856962,SMS CMS PAULINO WERNECK - AP 31,20 - ILHA DO GOVERNADOR,"ESTRADA DA CACUIA, 745",CACUIA
6762042,SMS CF EDNEY CANAZARO DE OLIVEIRA - AP 32,13 - MEIER,"AVENIDA MARECHAL RONDOM C/RUA ANTUNES GARCIA, S/N",SAMPAIO
2280744,SMS CMS CARLOS GENTILLE DE MELLO - AP 32,13 - MEIER,"RUA BICUIBA, 181",ENGENHO NOVO
7998678,SMS CF IVANIR DE MELLO - AP 33,33 - REALENGO,"ESTRADA MARECHAL ALENCASTRO, S/N",VILA MILITAR
2269937,SMS CMS ALBERTO BORGERTH - AP 33,15 - MADUREIRA,"RUA PADRE MANSO, S/N",MADUREIRA
3567508,SMS CMS RAPHAEL DE PAULA SOUZA - AP 40,16 - JACAREPAGUA,"ESTRADA DE CURICICA, 2000",JACAREPAGUA
7722494,SMS CF FAIM PEDRO - AP 51,33 - REALENGO,"RUA MARECHAL AGRICOLA, S/N",REALENGO
6855709,SMS CF PADRE JOHN CRIBBIN (PADRE JOAO) - AP 51,33 - REALENGO,"ESTRADA MANOEL NOGUEIRA DE SA, S/N",REALENGO
2270579,SMS CMS DR EITHEL PINHEIRO DE OLIVEIRA LIMA - AP 51,17 - BANGU,"ESTRADA DO TAQUARAL, S/N",SENADOR CAMARA
3567540,SMS CF ANA GONZAGA - AP 52,18 - CAMPO GRANDE,"PRACA JOAO WESLEY, 7",INHOAIBA
2269562,SMS CMS MARIO RODRIGUES CID - AP 52,18 - CAMPO GRANDE,"RUA MATUREIA, S/N",COSMOS
2270293,SMS CMS RAUL BARROSO - AP 52,26 - GUARATIBA,"AV ROBERTO BURLE MAX, S/N",GUARATIBA
2273578,SMS CMS CESARIO DE MELLO - AP 53,19 - SANTA CRUZ,"RUA 2, S/N",SANTA CRUZ
2280183,SMS RIO HOSPITAL MUNICIPAL SOUZA AGUIAR,2 - CENTRO,"PRACA DA REPUBLICA, 111",CENTRO
7110162,SMS UPA 24H ROCHA MIRANDA - AP 33,15 - MADUREIRA,"ESTRADA DO BARRO VERMELHO, S/N",ROCHA MIRANDA
7052006,SMS CAPSI MAURICIO DE SOUSA - AP 21,4 - BOTAFOGO,"AVENIDA VENCESLAU BRAS, 65",BOTAFOGO
2708159,SMS CMR ENG DENTRO - AP 32,13 - MEIER,"RUA RAMIRO MAGALHAES, 521",ENGENHO DE DENTRO
2270048,SMS POLICLINICA MANOEL GUILHERME (PAM BANGU) - AP 51,17 - BANGU,"AV. RIBEIRO DANTAS, 571",BANGU
6551556,SMS CAPS MARIA DO SOCORRO SANTOS - AP 21,27 - ROCINHA,"ESTRADA DA GAVEA, 522",ROCINHA
5456932,FIOCRUZ/ENSP/CENTRO DE SAUDE ESCOLA GERMANO SINVAL FARIA,10 - RAMOS,"RUA LEOPOLDO BULHOES, 1480",MANGUINHOS
9345515,SMS CF DINIZ BATISTA DOS SANTOS - AP 31,30 - COMPLEXO DA MARE,"AVENIDA BRIGADEIRO TROMPOWSKY, S/N",MARE
9067078,SMS CF ODALEA FIRMO DUTRA - AP 22,9 - VILA ISABEL,"RUA BOTUCATU, 633",GRAJAU
6995462,SMS HOSPITAL MUNICIPAL PEDRO II - AP 53,19 - SANTA CRUZ,"RUA DO PRADO, 325",SANTA CRUZ
6716938,SMS COORD DE EMERGENCIA REGIONAL CER BARRA - AP 40,24 - BARRA DA TIJUCA,"AVENIDA AYRTON SENNA, 2000",BARRA DA TIJUCA
9072659,SMS CF WILMA COSTA - AP 31,20 - ILHA DO GOVERNADOR,"PARQUE POETA MANUEL BANDEIRA, S/N",COCOTA
9029354,SMS CAPS CARLOS AUGUSTO DA SILVA - MAGAL - AP 31,28 - JACAREZINHO,"AVENIDA DOM HELDER CAMARA, 1184",JACAREZINHO
2280299,SMS POLICLINICA ANTONIO RIBEIRO NETTO - AP 10,2 - CENTRO,"AV TREZE DE MAIO, 23",CENTRO
3018091,SMS CAPS LIMA BARRETO - AP 51,17 - BANGU,"AVENIDA RIBEIRO DANTAS, 571",BANGU
7926103,SMS CAPS NEUSA SANTOS SOUZA - AP 51,17 - BANGU,"RUA BAALBECK, 75",SENADOR CAMARA
2269511,SMS CMS GARFIELD DE ALMEIDA - AP 52,18 - CAMPO GRANDE,"RUA GENERAL PAULO DE OLIVEIRA, 226",CAMPO GRANDE
2269538,SMS CMS EDGARD MAGALHAES GOMES - AP 52,18 - CAMPO GRANDE,"PRACA FILOMENA CARLOS MAGNO, 0",INHOAIBA
2273179,SMS CMS AUGUSTO DO AMARAL PEIXOTO - AP 33,22 - ANCHIETA,"RUA JORNALISTA HERMANO REQUIAO, 447",GUADALUPE
2269309,SMS CMS CARLOS CRUZ LIMA - AP 33,14 - IRAJA,"ESTRADA DO COLEGIO, 983",COLEGIO
2269724,SMS HOSPITAL MUNICIPAL NOSSA SENHORA DO LORETO - AP - 31,20 - ILHA DO GOVERNADOR,"RUA TAIFEIRO OSMAR DE MORAES, 26",GALEAO
2270552,SMS CMS SILVIO BARBOSA - AP 51,17 - BANGU,"RUA RODRIGUES DE FREITAS, S/N",SENADOR CAMARA
2270420,SMS CMS WALDYR FRANCO - AP 51,17 - BANGU,"PRACA CECILIA PEDRO, 60",BANGU
2270609,SMS HOSPITAL MUNICIPAL LOURENCO JORGE- AP 40,24 - BARRA DA TIJUCA,"AV AYRTON SENNA, 2000",BARRA DA TIJUCA
2273543,SMS CMS FLORIPES GALDINO PEREIRA - AP 53,19 - SANTA CRUZ,"RUA SRG GERALDO BERTI, 0",SANTA CRUZ
2806320,SMS CMS SAVIO ANTUNES / ANTARES - AP 53,19 - SANTA CRUZ,"AVENIDA HERMINIA AURELIO SAMPAIO, 105",PACIENCIA
2269848,SMS CMS ALEXANDER FLEMING - AP 51,17 - BANGU,"RUA MARMIARI, S/N",SENADOR CAMARA
2270463,SMS CMS ATHAYDE JOSE DA FONSECA - AP 51,17 - BANGU,"AV DEZENOVE DE ABRIL RUA ROQUE BARBOSA, S/N",BANGU
2280728,SMS RIO INSTITUTO MUNICIPAL NISE DA SILVEIRA AP 32,13 - MEIER,"RUA RAMIRO MAGALHAES, 521",ENGENHO DE DENTRO
2280248,SMS MATERNIDADE CARMELA DUTRA AP 32,13 - MEIER,"RUA AQUIDABA, 1037",LINS DE VASCONCELOS
2288362,SMS INSTITUTO MUNICIPAL PHILIPPE PINEL - AP 21,4 - BOTAFOGO,"AV VENCESLAU BRAS, 65",BOTAFOGO
2296306,SMS RIO HOSPITAL MUNICIPAL SALGADO FILHO,13 - MEIER,"ARQUIAS CORDEIRO, 370",MEIER
6033121,SMS CMS ANTENOR NASCENTES - AP 32,13 - MEIER,"RUA PROFESSOR ANTENOR NASCENTES, 125",LINS DE VASCONCELOS
2280736,SMS CMS RENATO ROCCO - AP 32,28 - JACAREZINHO,"RUA AIRES DE CASAL, S/N",JACAREZINHO
2708388,SMS CAPS PEDRO PELLEGRINO - AP 52,18 - CAMPO GRANDE,"PRACA MAJOR VIEIRA DE MELO, 10",CAMPO GRANDE
3403238,SMS CAPS RUBENS CORREA - AP 33,14 - IRAJA,"RUA CAPITAO ALIATAR MARTINS, 231",IRAJA
2708434,SMS CMS MANOEL JOSE FERREIRA - AP 21,4 - BOTAFOGO,"RUA SILVEIRA MARTINS, 161",CATETE
2288370,SMS CMS PINDARO DE CARVALHO RODRIGUES - AP 21,6 - LAGOA,"AV PADRE LEONEL FRANCA, S/N",GAVEA
6927254,SMS CMS NEWTON BETHLEM - AP 40,16 - JACAREPAGUA,"RUA BARAO, 260",PRACA SECA
2708205,SMS CMS MARIO OLINTO DE OLIVEIRA - AP 33,15 - MADUREIRA,"RUA FERRAZ, 2",CASCADURA
2296586,SMS CMS NASCIMENTO GURGEL - AP 33,25 - PAVUNA,"RUA MERCURIO, S/N",PAVUNA
3785009,SMS CF VALERIA GOMES ESTEVES - AP 53,19 - SANTA CRUZ,"RUA VITORIA REGIA, Q. 4",SEPETIBA
2708167,SMS CMS CESAR PERNETTA - AP 32,13 - MEIER,"RUA ANA BARBOSA, 21",MEIER
2269503,SMS CMS EDUARDO A VILHENA - AP 32,13 - MEIER,"RUA JOSE DOS REIS, 951",PILARES
2273616,SMS CMS CYRO DE MELLO MANGUARIBA - AP 53,19 - SANTA CRUZ,"AVENIDA DO CANAL, S/N",PACIENCIA
2708183,SMS CMS DECIO AMARAL FILHO - AP 53,19 - SANTA CRUZ,"RUA CILON CUNHA BRUM, S/N",SANTA CRUZ
3784959,SMS CMS JOAO CANDIDO - AP 31,11 - PENHA,"AV. LOBO JR., 83",PENHA CIRCULAR
2269902,SMS CMS JOSE BREVES DOS SANTOS - AP 31,31 - VIGARIO GERAL,"RUA MAR GRANDE, 10",CORDOVIL
3567494,SMS CAPS ERNESTO NAZARETH - AP 31,20 - ILHA DO GOVERNADOR,"AVENIDA PARANAPUAN, 435",BANCARIOS
5240832,SMS CAPS FERNANDO DINIZ - AP 31,11 - PENHA,"RUA LEOPOLDINA REGO, 754",OLARIA
7036884,SMS CF SONIA MARIA FERREIRA MACHADO - AP 52,18 - CAMPO GRANDE,"ESTRADA DA POSSE, S/N",SANTISSIMO
3567559,SMS CF VALDECIR SALUSTIANO CARDOZO - AP 52,18 - CAMPO GRANDE,"PRACA MANOEL MARIZ, S/N",COSMOS
6029922,SMS CMS AGUIAR TORRES - AP 52,18 - CAMPO GRANDE,"ESTRADA DE INHOAIBA, 849",INHOAIBA
2270277,SMS CMS ALVIMAR DE CARVALHO - AP 52,26 - GUARATIBA,"RUA SOLDADO ELISEU HIPOLITO, S/N",PEDRA DE GUARATIBA
2708175,SMS POLICLINICA NEWTON BETHLEM - AP 40,16 - JACAREPAGUA,"RUA BARAO, 259",JACAREPAGUA
5874408,SMS CAPS TORQUATO NETO - AP 32,13 - MEIER,"RUA HONORIO, 461",INHAUMA
5179726,SMS CF ALOYSIO AUGUSTO NOVIS - AP 31,11 - PENHA,"AVENIDA BRAS DE PINA, 651",PENHA CIRCULAR
5483115,SMS NUCLEO DE SAUDE DO TRABALHADOR NUSAT 2 - AP 22,9 - VILA ISABEL,"RUA GENERAL CANABARRO, 345",PRACA DA BANDEIRA
5670357,SMS CMS VILA DO CEU - AP 52,18 - CAMPO GRANDE,"RUA GUARUJA, 69",COSMOS
2270285,SMS CMS WOODROW PIMENTEL PANTOJA - AP 52,26 - GUARATIBA,"ESTRADA DO MAGARCA, 4435",GUARATIBA
7856954,SMS CMS NEWTON ALVES CARDOZO - AP 31,20 - ILHA DO GOVERNADOR,"RUA DR ANTONIO MONTEIRO ANTIGA RUA COMBU, 191",JARDIM CARIOCA
6487815,SMS UPA 24H VILA KENNEDY - AP 51,17 - BANGU,"PRACA DOLOMITAS, S/N",VILA KENNEDY
6507409,SMS UPA 24H ROCINHA - AP 21,27 - ROCINHA,"ESTRADA DA GAVEA, 522",ROCINHA
6514022,SMS CF VICTOR VALLA - AP 31,28 - JACAREZINHO,"AVENIDA DOM HELDER CAMARA, 1390",JACAREZINHO
3784975,SMS CF ZILDA ARNS - AP 31,29 - COMPLEXO DO ALEMAO,"ESTRADA ITARARE, 951",COMPLEXO DO ALEMAO
7088574,SMS CF MANOEL FERNANDES DE ARAUJO - AP 33,25 - PAVUNA,"RUA LAUDO DE CAMARGO, S/N",PAVUNA
6029965,SMS CF MARCOS VALADAO - AP 33,25 - PAVUNA,"AV. PASTOR MARTIN LUTHER KING JR, 10976",ACARI
6618855,SMS CF SERGIO AROUCA - AP 53,19 - SANTA CRUZ,"RUA DO IMPERIO, S/N",SANTA CRUZ
6503772,SMS CF MARIA DO SOCORRO / ROCINHA - AP 21,27 - ROCINHA,"ESTRADA DA GAVEA, 522",ROCINHA
6496989,SMS CF CANTAGALO PAVAO - PAVAOZINHO - AP 21,5 - COPACABANA,"LADEIRA SAINT ROMAN, 172",COPACABANA
6618871,SMS CF JAMIL HADDAD - AP 53,19 - SANTA CRUZ,"RUA SOLDADO JOAO ROTELO, S/N",PACIENCIA
6581994,SMS CF JOSE ANTONIO CIRAUDO - AP 53,19 - SANTA CRUZ,"AVENIDA AREIA BRANCA, 1428",SANTA CRUZ
6661904,SMS UPA 24H MADUREIRA - AP 33,15 - MADUREIRA,"PRACA DOS LAVRADORES, S/N",MADUREIRA
6680704,SMS UPA 24H COSTA BARROS - AP 33,25 - PAVUNA,"EST. BOTAFOGO, S/N",COSTA BARROS
7723296,SMS CF EVERTON DE SOUZA SANTOS - AP 52,18 - CAMPO GRANDE,"ESTRADA DE MORICABA, S/N",SENADOR VASCONCELOS
7985657,SMS CF EIDIMIR THIAGO DE SOUZA - AP 31,31 - VIGARIO GERAL,"RUA CORDOVIL, 1242",CORDOVIL
6664075,SMS CF FELIPPE CARDOSO - AP 31,11 - PENHA,"AVENIDA NOSSA SENHORA DA PENHA, 42",PENHA
7036914,SMS CF ANTONIO GONCALVES VILLA SOBRINHO - AP 52,18 - CAMPO GRANDE,"ESTRADA DO CAMPINHO, 2899",CAMPO GRANDE
6677711,SMS CF DALMIR DE ABREU SALGADO - AP 52,26 - GUARATIBA,"ESTRADA DO MAGARCA, 1831",GUARATIBA
6688152,SMS CF IZABEL DOS SANTOS - AP 32,13 - MEIER,"RUA DOIS DE MAIO, 220",ENGENHO NOVO
7986505,SMS CF LUIZ CELIO PEREIRA - AP 32,13 - MEIER,"RUA DA ABOLICAO, 303",ABOLICAO
6716598,SMS CF MAURY ALVES DE PINHO - AP 40,24 - BARRA DA TIJUCA,"ESTRADA DOS BANDEIRANTES, 11227",VARGEM PEQUENA
6864708,SMS CF MARIO DIAS ALENCAR - AP 51,17 - BANGU,"RUA MUCURIPE, S/N",BANGU
6901042,SMS CF NILDO EYMAR DE ALMEIDA AGUIAR - AP 51,33 - REALENGO,"ESTRADA GENERAL AMERICANO FREIRE, S/N",REALENGO
2270439,SMS CMS HENRIQUE MONAT - AP 51,17 - BANGU,"ESTRADA DO QUAFA, 7",BANGU
6922031,SMS CMS MANOEL GUILHERME DA SILVEIRA FILHO - AP 51,17 - BANGU,"AV RIBEIRO DANTAS, 571",BANGU
6023916,SMS CF FIORELLO RAYMUNDO - AP 51,17 - BANGU,"RUA ACAFRAO, S/N",BANGU
6852203,SMS CF KELLY CRISTINA DE SA LACERDA SILVA - AP 51,17 - BANGU,"AVENIDA CARLOS SAMPAIO CORREA, S/N",SENADOR CAMARA
7080522,SMS CAPS AD III ANTONIO CARLOS MUSSUM - AP 40,16 - JACAREPAGUA,"AVENIDA SAMPAIO CORREA, 0",TAQUARA
7060335,SMS CAPSI VISCONDE DE SABUGOSA - AP 31,30 - COMPLEXO DA MARE,"AV.GUANABARA, S/N",MARE
6635709,SMS CF JOSE DE PAULA LOPES PONTES - AP 52,26 - GUARATIBA,"RUA JABURU, S/N",GUARATIBA
7908237,SMS CF LECY RANQUINE- AP 52,19 - SANTA CRUZ,"ESTRADA DO CAMPINHO, S/N",INHOAIBA
7063679,SMS PADI LOURENCO JORGE - AP 40,24 - BARRA DA TIJUCA,"AV AYRTON SENNA, 2000",BARRA DA TIJUCA
6044697,SMS CAPS AD MANE GARRINCHA - AP 22,9 - VILA ISABEL,"AVENIDA PROFESSOR MANOEL DE ABREU, 196",MARACANA
7995520,SMS CF MAICON SIQUEIRA - AP 40,16 - JACAREPAGUA,"AVENIDA SALVADOR ALLENDE, S/N",JACAREPAGUA
6694187,SMS PADI SOUZA AGUIAR,2 - CENTRO,"RUA MONCORVO FILHO, 10",CENTRO
9061398,SMS CF MEDALHISTA OLIMPICO BRUNO SCHMIDT - AP 52,18 - CAMPO GRANDE,"RUA MANOEL JULIAO DE MEDEIROS, S/N",CAMPO GRANDE
9061401,SMS CF MEDALHISTA OLIMPICO ARTHUR ZANETTI - AP 52,18 - CAMPO GRANDE,"AVENIDA MARECHAL DANTAS BARRETO, S/N",CAMPO GRANDE
6664164,SMS CMS SAO GODOFREDO - AP 31,11 - PENHA,"RUA SAO GODOFREDO, 45",PENHA
5476844,SMS CMS VILA DO JOAO - AP 31,30 - COMPLEXO DA MARE,"RUA 17, S/N",MARE
9057722,SMS CF ADERSON FERNANDES - AP 33,15 - MADUREIRA,"RUA URURAI, S/N",HONORIO GURGEL
7892802,SMS CF ADOLFO FERREIRA DE CARVALHO - AP 33,25 - PAVUNA,"ESTRADA JOAO PAULO, 1007",BARROS FILHO
9023089,SMS CF ROGERIO PINTO DA MOTA - AP 51,33 - REALENGO,"RUA MAGALHAES GANDAVO - PRACA DO BOM CONSELHO, 204",REALENGO
3567516,SMS CAPSI ELIZA SANTA ROZA - AP 40,16 - JACAREPAGUA,"RUA SAMPAIO CORREA, 105",TAQUARA
9101764,SMS CF AMELIA DOS SANTOS FERREIRA - AP 32,13 - MEIER,"RUA POMPILIO DE ALBUQUERQUE, 386",AGUA SANTA
9131884,SMS CF DEPUTADO PEDRO FERNANDES FILHO - AP 33,14 - IRAJA,"PRACA NOSSA SENHORA DA APRESENTACAO, S/N",IRAJA
2295237,SMS CF JOAO BATISTA CHAGAS - AP 53,19 - SANTA CRUZ,"RUA PITOMBEIRAS, S/N",PACIENCIA
9391983,SMS CMS JOSE PARANHOS FONTENELLE - AP 31,11 - PENHA,"RUA LEOPOLDINA REGO, 700",PENHA
2269481,SMS HOSPITAL MUNICIPAL DA PIEDADE - AP 32,13 - MEIER,"RUA DA CAPELA, 96",PIEDADE
2273349,SMS RIO HOSPITAL RAPHAEL DE PAULA SOUZA,16 - JACAREPAGUA,"ESTRADA DE CURICICA, 2000",JACAREPAGUA
2273489,SMS RIO HOSPITAL MUNICIPAL ROCHA MAIA,4 - BOTAFOGO,"GENERAL SEVERIANO, 91",BOTAFOGO
2270250,SMS CMS ERNESTO ZEFERINO TIBAU JR - AP 10,7 - SAO CRISTOVAO,"AVENIDA DO EXERCITO, 1",SAO CRISTOVAO
2277298,SMS CMS FERNANDO A BRAGA LOPES CAJU - AP 10,1 - PORTUARIA,"RUA CARLOS SEIDL, 785",CAJU
2273187,SMS HOSPITAL MUNICIPAL ALVARO RAMOS - AP 40,16 - JACAREPAGUA,"RUA ADAUTO BOTELHO, S/N",JACAREPAGUA
2295326,SMS CMR OSCAR CLARK - AP 22,9 - VILA ISABEL,"RUA GENERAL CANABARRO, 345",MARACANA
4046307,SMS CMS HAMILTON LAND - AP 40,34 - CIDADE DE DEUS,"AV EDGARD WERNECK, 1601",CIDADE DE DEUS
2708213,SMS CMS HARVEY RIBEIRO DE SOUZA FILHO - AP 40,24 - BARRA DA TIJUCA,"AVENIDA GUIOMAR NOVAES, 133",RECREIO DOS BANDEIRANTES
2270072,SMS CMS DR ALBERT SABIN - AP 21,27 - ROCINHA,"ESTRADA DA GAVEA, 250",ROCINHA
6632831,SMS CMS CHAPEU MANG BABILONIA - AP 21,5 - COPACABANA,"RUA SAO FRANCISCO, 5",LEME
6559735,SMS CF LENICE MARIA MONTEIRO COELHO - AP 53,19 - SANTA CRUZ,"RUA JOSE CARLOS MATTA MACHADO, S/N",SANTA CRUZ
6572014,SMS CF LOURENCO DE MELLO - AP 53,19 - SANTA CRUZ,"RUA CORONEL TITO PORTO CARRERO, S/N",PACIENCIA
6694330,SMS PADI MIGUEL COUTO - AP 21,6 - LAGOA,"RUA MARIO RIBEIRO, 80",LAGOA
6938124,SMS UPA 24 H PACIENCIA - AP 53,19 - SANTA CRUZ,"ESTRADA SANTA EUGENIA, S/N",PACIENCIA
7072406,SMS CENTRO DE CONTROLE DE ZOONOSES - AP53,19 - SANTA CRUZ,"LARGO DO BODEGAO, 150",SANTA CRUZ
7101856,SMS UPA 24H MAGALHAES BASTOS - AP 51,33 - REALENGO,"ESTRADA MANOEL NOGUEIRA DE SA, S/N",MAGALHAES BASTOS
3416372,SMS CF ROSINO BACCARINI - AP 51,17 - BANGU,"RUA ARAQUEM, 840",BANGU
7810172,SMS CF SANDRA REGINA SAMPAIO DE SOUZA - AP 51,17 - BANGU,"AVENIDA SANTA CRUZ, S/N",SENADOR CAMARA
7119798,SMS CF CARLOS NERY DA COSTA FILHO - AP 33,15 - MADUREIRA,"RUA CLARIMUNDO DE MELO, 847",QUINTINO BOCAIUVA
9016805,SMS CF NILDA CAMPOS DE LIMA - AP 31,31 - VIGARIO GERAL,"RUA OLIVEIRA MELO, S/N",CORDOVIL
9264612,SMS POLICLINICA ROCHA MAIA AP 21,4 - BOTAFOGO,"RUA GENERAL SEVERIANO, 91",BOTAFOGO
9160876,SMS COORDENACAO DE EMERGENCIA REGIONAL CER CAMPO GRANDE,18 - CAMPO GRANDE,"AVENIDA CESARIO DE MELO, 3215",CAMPO GRANDE
9072640,SMS CF MESTRE MOLEQUINHO DO IMPERIO - AP 33,15 - MADUREIRA,"RUA IGUACU, S/N",ENGENHEIRO LEAL
2270269,SMS HOSPITAL MUNICIPAL MIGUEL COUTO - AP 21,6 - LAGOA,"RUA MARIO RIBEIRO, 117",GAVEA
2269368,SMS POLICLINICA HELIO PELLEGRINO - AP 22,8 - TIJUCA,"RUA DO MATOSO, 96",PRACA DA BANDEIRA
2280272,SMS CMS MARIA AUGUSTA ESTRELLA - AP 22,9 - VILA ISABEL,"RUA VISCONDE DE SANTA ISABEL, 56",VILA ISABEL
2280280,SMS CMS NICOLA ALBANO - AP 22,8 - TIJUCA,"RUA BOA VISTA, 190",ALTO DA BOA VISTA
2296535,SMS CMS NAGIB JORGE FARAH - AP 31,31 - VIGARIO GERAL,"PRACA SOLDADO MICHEL CHEIB, S/N",JARDIM AMERICA
2277328,SMS CMS OSWALDO CRUZ - AP 10,23 - SANTA TERESA,"AV HENRIQUE VALADARES, 151",CENTRO
2295032,SMS CMS MARIA CRISTINA ROMA PAUGARTTEN - AP 31,10 - RAMOS,"RUA JOAQUIM GOMES, S/N",RAMOS
2269376,SMS CMS HEITOR BELTRAO - AP 22,8 - TIJUCA,"RUA DESEMBARGADOR ISIDRO, 144",TIJUCA
5044685,SMS CF ENFERMEIRA EDMA VALADAO - AP 33,25 - PAVUNA,"AV. BRASIL, 18.476",ACARI
5315026,SMS CMS FAZENDA BOTAFOGO - AP 33,25 - PAVUNA,"RUA ARNALDO GUINLE, S/N",COELHO NETO
6026737,SMS CMS ADELINO SIMOES - NOVA SEPETIBA - AP 53,19 - SANTA CRUZ,"AVENIDA SETE, S/N",SEPETIBA
5717256,SMS HOSPITAL MUNICIPAL RONALDO GAZOLLA - AP 33,25 - PAVUNA,"AV PASTOR MARTIN LUTHER KING, 10976",ACARI
5465885,SMS CMS SANTA MARIA - AP 40,16 - JACAREPAGUA,"ESTRADA DO RIO PEQUENO, S/N",JACAREPAGUA
5620287,SMS CF AGENOR DE MIRANDA ARAUJO NETO - AP 52,18 - CAMPO GRANDE,"ESTRADA DO MATO ALTO, S/N",CAMPO GRANDE
3567567,SMS CF ALKINDAR SOARES PEREIRA FILHO - AP 52,26 - GUARATIBA,"ESTRADA DA PEDRA, S/N",GUARATIBA
6028233,SMS CF ESTACIO DE SA - AP 10,3 - RIO COMPRIDO,"RUA DO BISPO, 159",RIO COMPRIDO
2280310,SMS CF ERNANI DE PAIVA FERREIRA BRAGA - AP 53,19 - SANTA CRUZ,"AVENIDA JOAO XXIII, S/N",SANTA CRUZ
6618863,SMS CF HELANDE DE MELLO GONCALVES - AP 53,19 - SANTA CRUZ,"ESTRADA DE PACIENCIA, S/N",PACIENCIA
6742130,SMS CF EMYGDIO ALVES COSTA FILHO - AP 32,13 - MEIER,"RUA DO LAZER, 153",PILARES
2296543,SMS CMS JORGE SALDANHA BANDEIRA DE MELLO - AP40,16 - JACAREPAGUA,"AVENIDA GEREMARIO DANTAS, 135",TANQUE
6808077,SMS CF ANTHIDIO DIAS DA SILVEIRA - AP 32,28 - JACAREZINHO,"AVENIDA DOM HELDER CAMARA, S/N",JACAREZINHO
6820018,SMS CF BARBARA STARFIELD - AP 32,12 - INHAUMA,"RUA VOLTA GRANDE, S/N",DEL CASTILHO
6932916,SMS CF JOAOSINHO TRINTA - AP 31,31 - VIGARIO GERAL,"RUA ANAMA - PRACA JOSE DA MATTA, S/N",VIGARIO GERAL
7021771,SMS CF RAIMUNDO ALVES NASCIMENTO - AP 33,22 - ANCHIETA,"RUA MARCOS DE MACEDO, S/N",GUADALUPE
2273225,SMS CMS ARIADNE LOPES DE MENEZES - AP 32,12 - INHAUMA,"RUA ENG CARLOS GONCALVES PENNA, S/N",ENGENHO DA RAINHA
5598435,SMS CMS TIA ALICE - AP 32,13 - MEIER,"R SANTOS MELLO, 73",SAO FRANCISCO XAVIER
5413605,SMS CAPS AD RAUL SEIXAS - AP 32,13 - MEIER,"RUA DOIS DE FEVEREIRO, 785",ENCANTADO
7166494,SMS HOSPITAL MUNICIPAL EVANDRO FREIRE - AP 31,20 - ILHA DO GOVERNADOR,"ESTRADA DO GALEAO, 2920",PORTUGUESA
7638086,SMS CF PEDRO ERNESTO - AP 22,9 - VILA ISABEL,"RUA VINTE E OITO DE SETEMBRO, 109",VILA ISABEL
5313783,SMS CAPS DIRCINHA E LINDA BATISTA - AP 33,22 - ANCHIETA,"RUA JORNALISTA HERMANO REQUIAO, 447",GUADALUPE
7892810,SMS CF BARBARA MOSLEY DE SOUZA- AP 40,16 - JACAREPAGUA,"AVENIDA OTAVIO MALTA, S/N",ANIL
7892829,SMS CF HELENA BESSERMAN VIANNA - AP 40,16 - JACAREPAGUA,"VIA LIGHT, S/N",JACAREPAGUA
6571956,SMS CF JOSUETE SANTANNA DE OLIVEIRA - AP 33,22 - ANCHIETA,"RUA LUIZ COUTINHO CAVALCANTI, S/N",GUADALUPE
5346320,SMS CAPS CLARICE LISPECTOR - AP 32,13 - MEIER,"RUA DOIS DE FEVEREIRO, 785",ENCANTADO
2269627,SMS CMS SYLVIO FREDERICO BRAUNER - AP 33,25 - PAVUNA,"RUA DARWIN BRANDAO, S/N",COSTA BARROS
2270307,SMS CMS MOURAO FILHO - AP 52,26 - GUARATIBA,"ESTRADA DA BARRA DE GUARATIBA, 9748",BARRA DE GUARATIBA
9131795,SMS CF ERIVALDO FERNANDES NOBREGA - AP 32,13 - MEIER,"RUA RIO GRANDE DO SUL, 26",MEIER
2269953,SMS CMS SALLES NETTO - AP 10,3 - RIO COMPRIDO,"PRACA CONDESSA PAULO DE FRONTIN, 52",RIO COMPRIDO
5621801,SMS CSE LAPA - AP 10,23 - SANTA TERESA,"RUA DO RIACHUELO, 43",CENTRO
2269929,SMS CMS CATTAPRETA - AP 53,19 - SANTA CRUZ,"RUA ENGENHEIRO JOSE BOANERGES CESAR, S/N",SANTA CRUZ
2270056,SMS HOSPITAL MUNICIPAL PAULINO WERNECK - AP 31,20 - ILHA DO GOVERNADOR,"ESTRADA DA CACUIA, 745",CACUIA
2270315,SMS CMS MAIA BITTENCOURT - AP 52,26 - GUARATIBA,"ESTRADA DO MATO ALTO, 5609",GUARATIBA
2270366,SMS CMS MANOEL DE ABREU - AP 52,18 - CAMPO GRANDE,"RUA PADRE NOE GUALBERTO, 1",SANTISSIMO
2270331,SMS POLICLINICA CARLOS ALBERTO NASCIMENTO - AP 52,18 - CAMPO GRANDE,"PRACA MAJOR VIEIRA DE MELO, S/N",CAMPO GRANDE
7896204,SMS CF ALICE DE JESUS REGO - AP53,19 - SANTA CRUZ,"ESTRADA DOS PALMARES, S/N",SANTA CRUZ
2270714,SMS RIO HOSPITAL MATERNIDADE FERNANDO MAGALHAES,7 - SAO CRISTOVAO,"GENERAL JOSE CRISTINO, 87",SAO CRISTOVAO
2277301,SMS CMS MANOEL ARTHUR VILLABOIM - AP 10,21-  PAQUETA,"PRACA BOM JESUS, 40",PAQUETA
2280787,SMS CMS NILZA ROSA - AP 22,8 - TIJUCA,"RUA CASTEL NUOVO, 150",TIJUCA
2296527,SMS POLICLINICA JOSE PARANHOS FONTENELLE - AP 31,11 - PENHA,"RUA LEOPOLDINA REGO, 700",PENHA
6713564,SMS CF ANNA NERY - AP 32,13 - MEIER,"RUA ANA NERI COM RUA GENERAL BELFORD, S/N",ROCHA
3785025,SMS CF RECANTO DO TROVADOR - AP 22,9 - VILA ISABEL,"RUA VISCONDE DE SANTA ISABEL, 272",VILA ISABEL
2778696,SMS CMS CARLOS FIGUEIREDO FILHO / BOREL - AP 22,8 - TIJUCA,"RUA SAO MIGUEL, S/N",TIJUCA
2708396,SMS CAPS SIMAO BACAMARTE - AP 53,19 - SANTA CRUZ,"R SENADOR CAMARA, 224",SANTA CRUZ
5423430,SMS CAPSI MARIA CLARA MACHADO - AP 32,13 - MEIER,"RUA GOMES SERPA, 49",PIEDADE
3567532,SMS CAPS PROFETA GENTILEZA - AP 52,18 - CAMPO GRANDE,"ESTRADA DE INHOAIBA, 849",INHOAIBA
3820599,SMS CF ARMANDO PALHARES AGUINAGA - AP 51,33 - REALENGO,"AV SANTA CRUZ, S/N",REALENGO
5879655,SMS CMS ALICE TOLEDO TIBIRICA - AP 33,14 - IRAJA,"RUA JURITI, S/N",IRAJA
6575900,SMS UPA 24H CIDADE DE DEUS - AP 40,34 - CIDADE DE DEUS,"RUA EDGAR WERNECK, S/N",CIDADE DE DEUS
6648371,SMS CF HANS JURGEN FERNANDO DOHMANN - AP 52,26 - GUARATIBA,"ESTRADA DO PIAI, S/N",GUARATIBA
6660185,SMS CF DEOLINDO COUTO - AP 53,19 - SANTA CRUZ,"RUA SANTO AUGURIO, 40",SANTA CRUZ
6671020,SMS CF EDSON ABDALLA SAAD - AP 53,19 - SANTA CRUZ,"AVENIDA CESARIO DE MELO, 25",SANTA CRUZ
6598544,SMS UPA 24 H JOAO XXIII - AP 53,19 - SANTA CRUZ,"AV. JOAO XXIII, S/N",SANTA CRUZ
7113137,SMS CAPSI HEITOR VILLA LOBOS - AP 33,15 - MADUREIRA,"RUA PADRE MANSO, S/N",MADUREIRA
6927289,SMS CF OTTO ALVES DE CARVALHO - AP 40,16 - JACAREPAGUA,"AVENIDA ENGENHEIRO SOUZA FILHO, 200",JACAREPAGUA
6742831,SMS UPA 24H SENADOR CAMARA - AP 51,17 - BANGU,"AVENIDA SANTA CRUZ, 6486",SENADOR CAMARA
6873960,SMS CF SERGIO VIEIRA DE MELLO - AP 10,3 - RIO COMPRIDO,"AVENIDA TRINTA E UM DE MARCO, S/N",CATUMBI
6793231,SMS CF EPITACIO SOARES REIS - AP 33,25 - PAVUNA,"AV CHISOSTOMO PIMENTEL DE OLIVEIRA, S/N",PAVUNA
7027397,SMS MATERNIDADE MARIA AMELIA BUARQUE DE HOLLANDA - AP 10,2 - CENTRO,"RUA MONCORVO FILHO, 67",CENTRO
9045023,SMS CF OLGA PEREIRA PACHECO - AP 32,13 - MEIER,"RUA ANA QUINTAO, 348",PIEDADE
9107835,SMS CF VALTER FELISBINO DE SOUZA - AP 31,10 - RAMOS,"RUA DIOMEDES TROTA, 259",RAMOS
9442251,SMS CF JEREMIAS MORAES DA SILVA - AP 31,30 - COMPLEXO DA MARE,"RUA TEIXEIRA RIBEIRO, S/N",MARE
9051538,SMS CAPS III MANOEL DE BARROS - AP 40,16 - JACAREPAGUA,"RUA NOSSA SENHORA DOS REMEDIOS, S/N",TAQUARA
9127100,SMS CF JOSE NEVES - AP 40,16 - JACAREPAGUA,RUA QUINTANILHA SN,JACAREPAGUA
9654151,SMS COORD DE EMERGENCIA REGIONAL CER REALENGO - AP 51,33 - REALENGO,"RUA NILOPOLIS, 329",REALENGO
9535896,SMS CAPS II EAT SEVERINO DOS SANTOS - AP 32,13 - MEIER,RUA RAMIRO MAGALHAES 521,ENGENHO DE DENTRO
9715444,SMS CF DR MYRTES AMORELLI GONZAGA - AP 52,18 - CAMPO GRANDE,ESTRADA DO LAMEIRAO PEQUENO S/N RIO DA PRATA,CAMPO GRANDE
199338,SMS CF ADV MARIO PIRES DA SILVA AP - 33,15 - MADUREIRA,PRACA MARCIA MENDES 0 CAMPINHO,CAMPINHO
193089,SMS CF CRISTIANI VIEIRA PINHO AP - 51,17 - BANGU,PRACA LEALDINA MUNIZ,BANGU
189200,SMS CF ENGENHEIRO SANITARISTA PAULO D AGUILA AP 33,15 - MADUREIRA,"JORGE SHMIDT, 331",MARECHAL HERMES
214949,SMS CF LOURIVAL FRANCISCO DE OLIVEIRA AP - 40,16 - JACAREPAGUA,AVENIDA COMANDANTE GUARANYS 0 CIDADE DE DEUS,CIDADE DE DEUS
265233,SMS CF PADRE MARCOS VINICIO MIRANDA VIEIRA - AP 40,24 - BARRA DA TIJUCA,ESTRADA DO ITANHANGA S/N ITANHANGA,ITANHANGA
3784975,SMS CF ZILDA ARNS - AP 31,29 - COMPLEXO DO ALEMAO,"ESTRADA ITARARE, 951",COMPLEXO DO ALEMAO
6272053,SMS CF SANTA MARTA - AP 21,4 - BOTAFOGO,"RUA SAO CLEMENTE, 312",BOTAFOGO
5346320,SMS CAPS CLARICE LISPECTOR - AP 32,13 - MEIER,"RUA DOIS DE FEVEREIRO, 785",ENCANTADO
2273551,SMS CMS ALOYSIO AMANCIO DA SILVA - AP 53,19 - SANTA CRUZ,"ESTRADA DO CURTUME, S/N",SANTA CRUZ
2280183,SMS RIO HOSPITAL MUNICIPAL SOUZA AGUIAR,2 - CENTRO,"PRACA DA REPUBLICA, 111",CENTRO
2708388,SMS CAPS PEDRO PELLEGRINO - AP 52,18 - CAMPO GRANDE,"PRACA MAJOR VIEIRA DE MELO, 10",CAMPO GRANDE
7723296,SMS CF EVERTON DE SOUZA SANTOS - AP 52,18 - CAMPO GRANDE,"ESTRADA DE MORICABA, S/N",SENADOR VASCONCELOS
6864708,SMS CF MARIO DIAS ALENCAR - AP 51,17 - BANGU,"RUA MUCURIPE, S/N",BANGU
2269481,SMS HOSPITAL MUNICIPAL DA PIEDADE - AP 32,13 - MEIER,"RUA DA CAPELA, 96",PIEDADE
2269503,SMS CMS EDUARDO A VILHENA - AP 32,13 - MEIER,"RUA JOSE DOS REIS, 951",PILARES
2270420,SMS CMS WALDYR FRANCO - AP 51,17 - BANGU,"PRACA CECILIA PEDRO, 60",BANGU
6694187,SMS PADI SOUZA AGUIAR,2 - CENTRO,"RUA MONCORVO FILHO, 10",CENTRO
9111344,SMS CF CANDIDO RIBEIRO DA SILVA FILHO - AP 33,11 - PENHA,"AVENIDA SAO FELIX, 201",VISTA ALEGRE
2280310,SMS CF ERNANI DE PAIVA FERREIRA BRAGA - AP 53,19 - SANTA CRUZ,"AVENIDA JOAO XXIII, S/N",SANTA CRUZ
6044697,SMS CAPS AD MANE GARRINCHA - AP 22,9 - VILA ISABEL,"AVENIDA PROFESSOR MANOEL DE ABREU, 196",MARACANA
2270250,SMS CMS ERNESTO ZEFERINO TIBAU JR - AP 10,7 - SAO CRISTOVAO,"AVENIDA DO EXERCITO, 1",SAO CRISTOVAO
2270277,SMS CMS ALVIMAR DE CARVALHO - AP 52,26 - GUARATIBA,"RUA SOLDADO ELISEU HIPOLITO, S/N",PEDRA DE GUARATIBA
7561660,SMS CAPS AD MIRIAM MAKEBA - AP 31,10 - RAMOS,"RUA PROFESSOR LACE, 485",BONSUCESSO
3567508,SMS CMS RAPHAEL DE PAULA SOUZA - AP 40,16 - JACAREPAGUA,"ESTRADA DE CURICICA, 2000",JACAREPAGUA
199338,SMS CF ADV MARIO PIRES DA SILVA AP - 33,15 - MADUREIRA,PRACA MARCIA MENDES 0 CAMPINHO,CAMPINHO
2269813,SMS HOSPITAL DE GERIAT. E GERONT. - AP 22,9 - VILA ISABEL,"RUA VISCONDE DE NITEROI, 1450",MANGUEIRA
2269759,SMS CMS FLAVIO DO COUTO VIEIRA - AP 33,22 - ANCHIETA,"RUA LUCIO JOSE FILHO, S/N",PARQUE ANCHIETA
6387152,SMS CF OLIMPIA ESTEVES - AP 51,17 - BANGU,"RUA OLIMPIA ESTEVES, S/N",PADRE MIGUEL
3567494,SMS CAPS ERNESTO NAZARETH - AP 31,20 - ILHA DO GOVERNADOR,"AVENIDA PARANAPUAN, 435",BANCARIOS
3567516,SMS CAPSI ELIZA SANTA ROZA - AP 40,16 - JACAREPAGUA,"RUA SAMPAIO CORREA, 105",TAQUARA
5313783,SMS CAPS DIRCINHA E LINDA BATISTA - AP 33,22 - ANCHIETA,"RUA JORNALISTA HERMANO REQUIAO, 447",GUADALUPE
3567559,SMS CF VALDECIR SALUSTIANO CARDOZO - AP 52,18 - CAMPO GRANDE,"PRACA MANOEL MARIZ, S/N",COSMOS
2270064,SMS POLICLINICA NEWTON ALVES CARDOZO - AP 31,20 - ILHA DO GOVERNADOR,"RUA DR ANTONIO MONTEIRO - ANTIGA RUA COMBU, 191",JARDIM CARIOCA
9079939,SMS CF MEDALHISTA OLIMPICO MAURICIO SILVA AP 10,7 - SAO CRISTOVAO,"AVENIDA CARLOS MATOSO CORREIA, S/N",BENFICA
2269848,SMS CMS ALEXANDER FLEMING - AP 51,17 - BANGU,"RUA MARMIARI, S/N",SENADOR CAMARA
3785009,SMS CF VALERIA GOMES ESTEVES - AP 53,19 - SANTA CRUZ,"RUA VITORIA REGIA, Q. 4",SEPETIBA
7926103,SMS CAPS NEUSA SANTOS SOUZA - AP 51,17 - BANGU,"RUA BAALBECK, 75",SENADOR CAMARA
6664164,SMS CMS SAO GODOFREDO - AP 31,11 - PENHA,"RUA SAO GODOFREDO, 45",PENHA
6660185,SMS CF DEOLINDO COUTO - AP 53,19 - SANTA CRUZ,"RUA SANTO AUGURIO, 40",SANTA CRUZ
2280728,SMS RIO INSTITUTO MUNICIPAL NISE DA SILVEIRA AP 32,13 - MEIER,"RUA RAMIRO MAGALHAES, 521",ENGENHO DE DENTRO
9264612,SMS POLICLINICA ROCHA MAIA AP 21,4 - BOTAFOGO,"RUA GENERAL SEVERIANO, 91",BOTAFOGO
2269341,SMS RIO HOSPITAL MUNICIPAL JESUS,9 - VILA ISABEL,"RUA OITO DE DEZEMBRO, 717",VILA ISABEL
5621801,SMS CSE LAPA - AP 10,23 - SANTA TERESA,"RUA DO RIACHUELO, 43",CENTRO
3416356,SMS CMS BUA BOANERGES BORGES DA FONSECA - AP 51,33 - REALENGO,"RUA LARANJEIRAS DO SUL, S/N",MAGALHAES BASTOS
6716938,SMS COORD DE EMERGENCIA REGIONAL CER BARRA - AP 40,24 - BARRA DA TIJUCA,"AVENIDA AYRTON SENNA, 2000",BARRA DA TIJUCA
2778696,SMS CMS CARLOS FIGUEIREDO FILHO / BOREL - AP 22,8 - TIJUCA,"RUA SAO MIGUEL, S/N",TIJUCA
6559727,SMS CF ILZO MOTTA DE MELLO - AP 53,19 - SANTA CRUZ,"AVENIDA CESARIO DE MELO, 11485",PACIENCIA
5483115,SMS NUCLEO DE SAUDE DO TRABALHADOR NUSAT 2 - AP 22,9 - VILA ISABEL,"RUA GENERAL CANABARRO, 345",PRACA DA BANDEIRA
9131884,SMS CF DEPUTADO PEDRO FERNANDES FILHO - AP 33,14 - IRAJA,"PRACA NOSSA SENHORA DA APRESENTACAO, S/N",IRAJA
5413605,SMS CAPS AD RAUL SEIXAS - AP 32,13 - MEIER,"RUA DOIS DE FEVEREIRO, 785",ENCANTADO
2270285,SMS CMS WOODROW PIMENTEL PANTOJA - AP 52,26 - GUARATIBA,"ESTRADA DO MAGARCA, 4435",GUARATIBA
2270048,SMS POLICLINICA MANOEL GUILHERME (PAM BANGU) - AP 51,17 - BANGU,"AV. RIBEIRO DANTAS, 571",BANGU
2273489,SMS RIO HOSPITAL MUNICIPAL ROCHA MAIA,4 - BOTAFOGO,"GENERAL SEVERIANO, 91",BOTAFOGO
6742130,SMS CF EMYGDIO ALVES COSTA FILHO - AP 32,13 - MEIER,"RUA DO LAZER, 153",PILARES
5457009,SMS CMS IRACI LOPES - AP 31,31 - VIGARIO GERAL,"RUA ANTONIO MENDES, 2",VIGARIO GERAL
2269996,SMS IMAS JULIANO MOREIRA - AP 40,16 - JACAREPAGUA,"ESTRADA RODRIGUES CALDAS, 3400",JACAREPAGUA
6995446,SMS COORDENACAO DE EMERGENCIA REGIONAL CER SANTA CRUZ,19 - SANTA CRUZ,"RUA DO PRADO, 325",SANTA CRUZ
6713564,SMS CF ANNA NERY - AP 32,13 - MEIER,"RUA ANA NERI COM RUA GENERAL BELFORD, S/N",ROCHA
6023320,SMS CF AUGUSTO BOAL - AP 31,30 - COMPLEXO DA MARE,"AV. GUILHERME MAXWEL, 107",MARE
2270307,SMS CMS MOURAO FILHO - AP 52,26 - GUARATIBA,"ESTRADA DA BARRA DE GUARATIBA, 9748",BARRA DE GUARATIBA
6664075,SMS CF FELIPPE CARDOSO - AP 31,11 - PENHA,"AVENIDA NOSSA SENHORA DA PENHA, 42",PENHA
5467136,SMS CMS PARQUE ROYAL - AP 31,20 - ILHA DO GOVERNADOR,"RUA JORNALISTA ALAIDE PIRES, 25",PORTUGUESA
9072659,SMS CF WILMA COSTA - AP 31,20 - ILHA DO GOVERNADOR,"PARQUE POETA MANUEL BANDEIRA, S/N",COCOTA
6507409,SMS UPA 24H ROCINHA - AP 21,27 - ROCINHA,"ESTRADA DA GAVEA, 522",ROCINHA
2280736,SMS CMS RENATO ROCCO - AP 32,28 - JACAREZINHO,"RUA AIRES DE CASAL, S/N",JACAREZINHO
7110162,SMS UPA 24H ROCHA MIRANDA - AP 33,15 - MADUREIRA,"ESTRADA DO BARRO VERMELHO, S/N",ROCHA MIRANDA
2295326,SMS CMR OSCAR CLARK - AP 22,9 - VILA ISABEL,"RUA GENERAL CANABARRO, 345",MARACANA
9131795,SMS CF ERIVALDO FERNANDES NOBREGA - AP 32,13 - MEIER,"RUA RIO GRANDE DO SUL, 26",MEIER
6512925,SMS UPA 24H COMPLEXO DO ALEMAO - AP 31,29 - COMPLEXO DO ALEMAO,"ESTRADA DO ITARARE, 221",BONSUCESSO
2269805,SMS CMS MILTON FONTES MAGARAO - AP 32,13 - MEIER,"AV AMARO CAVALCANTI, 1387",ENGENHO DE DENTRO
7110340,SMS PADI FRANCISCO DA SILVA TELLES - AP 33,14 - IRAJA,"AVENIDA UBIRAJARA, 25",IRAJA
6033121,SMS CMS ANTENOR NASCENTES - AP 32,13 - MEIER,"RUA PROFESSOR ANTENOR NASCENTES, 125",LINS DE VASCONCELOS
7088574,SMS CF MANOEL FERNANDES DE ARAUJO - AP 33,25 - PAVUNA,"RUA LAUDO DE CAMARGO, S/N",PAVUNA
3567540,SMS CF ANA GONZAGA - AP 52,18 - CAMPO GRANDE,"PRACA JOAO WESLEY, 7",INHOAIBA
2288346,SMS CMS MARCOLINO CANDAU - AP 10,3 - RIO COMPRIDO,"RUA LAURA DE ARAUJO, 36",CIDADE NOVA
3416372,SMS CF ROSINO BACCARINI - AP 51,17 - BANGU,"RUA ARAQUEM, 840",BANGU
2273578,SMS CMS CESARIO DE MELLO - AP 53,19 - SANTA CRUZ,"RUA 2, S/N",SANTA CRUZ
2269538,SMS CMS EDGARD MAGALHAES GOMES - AP 52,18 - CAMPO GRANDE,"PRACA FILOMENA CARLOS MAGNO, 0",INHOAIBA
7101856,SMS UPA 24H MAGALHAES BASTOS - AP 51,33 - REALENGO,"ESTRADA MANOEL NOGUEIRA DE SA, S/N",MAGALHAES BASTOS
189200,SMS CF ENGENHEIRO SANITARISTA PAULO D AGUILA AP 33,15 - MADUREIRA,"JORGE SHMIDT, 331",MARECHAL HERMES
2270609,SMS HOSPITAL MUNICIPAL LOURENCO JORGE- AP 40,24 - BARRA DA TIJUCA,"AV AYRTON SENNA, 2000",BARRA DA TIJUCA
2270315,SMS CMS MAIA BITTENCOURT - AP 52,26 - GUARATIBA,"ESTRADA DO MATO ALTO, 5609",GUARATIBA
2273225,SMS CMS ARIADNE LOPES DE MENEZES - AP 32,12 - INHAUMA,"RUA ENG CARLOS GONCALVES PENNA, S/N",ENGENHO DA RAINHA
2270439,SMS CMS HENRIQUE MONAT - AP 51,17 - BANGU,"ESTRADA DO QUAFA, 7",BANGU
7856962,SMS CMS PAULINO WERNECK - AP 31,20 - ILHA DO GOVERNADOR,"ESTRADA DA CACUIA, 745",CACUIA
2280760,SMS CMS MARIA APARECIDA DE ALMEIDA - AP 53,19 - SANTA CRUZ,"PRACA ANTONIO MATTOS AREAS, S/N",PACIENCIA
7892829,SMS CF HELENA BESSERMAN VIANNA - AP 40,16 - JACAREPAGUA,"VIA LIGHT, S/N",JACAREPAGUA
9101764,SMS CF AMELIA DOS SANTOS FERREIRA - AP 32,13 - MEIER,"RUA POMPILIO DE ALBUQUERQUE, 386",AGUA SANTA
2270471,SMS POLICLINICA RODOLPHO ROCCO - AP 32,12 - INHAUMA,"ESTRADA ADHEMAR BEBIANO, 339",INHAUMA
2295032,SMS CMS MARIA CRISTINA ROMA PAUGARTTEN - AP 31,10 - RAMOS,"RUA JOAQUIM GOMES, S/N",RAMOS
7118376,SMS CAPS AD JULIO CESAR DE CARVALHO - AP 53,19 - SANTA CRUZ,"RUA SEVERIANO DAS CHAGAS, 196",SANTA CRUZ
2295253,SMS CF WALDEMAR BERARDINELLI - AP 53,19 - SANTA CRUZ,"RUA FREDERICO TROTA, S/N",SEPETIBA
2269724,SMS HOSPITAL MUNICIPAL NOSSA SENHORA DO LORETO - AP - 31,20 - ILHA DO GOVERNADOR,"RUA TAIFEIRO OSMAR DE MORAES, 26",GALEAO
2269929,SMS CMS CATTAPRETA - AP 53,19 - SANTA CRUZ,"RUA ENGENHEIRO JOSE BOANERGES CESAR, S/N",SANTA CRUZ
3784959,SMS CMS JOAO CANDIDO - AP 31,11 - PENHA,"AV. LOBO JR., 83",PENHA CIRCULAR
5483107,SMS NUCLEO DE SAUDE DO TRABALHADOR NUSAT 1 - AP 10,2 - CENTRO,"AVENIDA PRESIDENTE VARGAS, 1997",CENTRO
6804209,SMS CF ASSIS VALENTE - AP 31,20 - ILHA DO GOVERNADOR,"EST. DAS CANARIAS COM AV. BRAS CRISPIN (PRACA), S/N",GALEAO
7060335,SMS CAPSI VISCONDE DE SABUGOSA - AP 31,30 - COMPLEXO DA MARE,"AV.GUANABARA, S/N",MARE
6688152,SMS CF IZABEL DOS SANTOS - AP 32,13 - MEIER,"RUA DOIS DE MAIO, 220",ENGENHO NOVO
3018091,SMS CAPS LIMA BARRETO - AP 51,17 - BANGU,"AVENIDA RIBEIRO DANTAS, 571",BANGU
9057706,SMS CF ESTIVADORES - AP 10,7 - SAO CRISTOVAO,"AVENIDA DO EXERCITO, 99",SAO CRISTOVAO
6029922,SMS CMS AGUIAR TORRES - AP 52,18 - CAMPO GRANDE,"ESTRADA DE INHOAIBA, 849",INHOAIBA
7036914,SMS CF ANTONIO GONCALVES VILLA SOBRINHO - AP 52,18 - CAMPO GRANDE,"ESTRADA DO CAMPINHO, 2899",CAMPO GRANDE
9535896,SMS CAPS II EAT SEVERINO DOS SANTOS - AP 32,13 - MEIER,RUA RAMIRO MAGALHAES 521,ENGENHO DE DENTRO
9071385,SMS CMS ALVARO RAMOS - AP 40,16 - JACAREPAGUA,"AVENIDA ADAUTO BOTELHO, S/N",JACAREPAGUA
2708159,SMS CMR ENG DENTRO - AP 32,13 - MEIER,"RUA RAMIRO MAGALHAES, 521",ENGENHO DE DENTRO
6506232,SMS CF RINALDO DE LAMARE - AP 21,6 - LAGOA,"AV. NIEMEYER, 776",SAO CONRADO
3567486,SMS CASA DE PARTO DAVID CAPISTRANO FILHO - AP 51,33 - REALENGO,"AVENIDA PEDRO DA CUNHA, S/N",REALENGO
9128867,SMS CF AMAURY BOTTANY - AP 33,14 - IRAJA,"AV MONSENHOR FELIX, 512",IRAJA
6742831,SMS UPA 24H SENADOR CAMARA - AP 51,17 - BANGU,"AVENIDA SANTA CRUZ, 6486",SENADOR CAMARA
2270331,SMS POLICLINICA CARLOS ALBERTO NASCIMENTO - AP 52,18 - CAMPO GRANDE,"PRACA MAJOR VIEIRA DE MELO, S/N",CAMPO GRANDE
2270560,SMS CMS MASAO GOTO - AP 51,33 - REALENGO,"AV CARLOS PONTES, S/N",JARDIM SULACAP
2270633,SMS CMS MARIO VITOR DE A PACHECO - AP 52,18 - CAMPO GRANDE,"AVENIDA CESARIO DE MELO, 5580",INHOAIBA
9307265,SMS CF MARIA JOSE PAPERA DE AZEVEDO - AP 52,18 - CAMPO GRANDE,"ESTRADA DA POSSE, S/N",CAMPO GRANDE
6927254,SMS CMS NEWTON BETHLEM - AP 40,16 - JACAREPAGUA,"RUA BARAO, 260",PRACA SECA
2269937,SMS CMS ALBERTO BORGERTH - AP 33,15 - MADUREIRA,"RUA PADRE MANSO, S/N",MADUREIRA
2288362,SMS INSTITUTO MUNICIPAL PHILIPPE PINEL - AP 21,4 - BOTAFOGO,"AV VENCESLAU BRAS, 65",BOTAFOGO
7996675,SMS CF GERSON BERGHER - AP 40,16 - JACAREPAGUA,"RUA CANDIDO BENICIO, S/N",PRACA SECA
2273616,SMS CMS CYRO DE MELLO MANGUARIBA - AP 53,19 - SANTA CRUZ,"AVENIDA DO CANAL, S/N",PACIENCIA
7414226,SMS CMS HELIO PELLEGRINO - AP 22,8 - TIJUCA,"RUA DO MATOSO, 96",PRACA DA BANDEIRA
9715444,SMS CF DR MYRTES AMORELLI GONZAGA - AP 52,18 - CAMPO GRANDE,ESTRADA DO LAMEIRAO PEQUENO S/N RIO DA PRATA,CAMPO GRANDE
6664040,SMS CF HEITOR DOS PRAZERES - AP 31,11 - PENHA,"RUA IGUAPERIBA, 0",BRAS DE PINA
2270366,SMS CMS MANOEL DE ABREU - AP 52,18 - CAMPO GRANDE,"RUA PADRE NOE GUALBERTO, 1",SANTISSIMO
7884524,SMS CAPS FRANCO BASAGLIA AP 21,4 - BOTAFOGO,"AV. VENCESLAU BRAS, 65",BOTAFOGO
214949,SMS CF LOURIVAL FRANCISCO DE OLIVEIRA AP - 40,16 - JACAREPAGUA,AVENIDA COMANDANTE GUARANYS 0 CIDADE DE DEUS,CIDADE DE DEUS
6926177,SMS UPA 24 H SEPETIBA - AP 53,19 - SANTA CRUZ,"RUA RAFAEL FERREIRA, S/N",SEPETIBA
7998678,SMS CF IVANIR DE MELLO - AP 33,33 - REALENGO,"ESTRADA MARECHAL ALENCASTRO, S/N",VILA MILITAR
5154197,SMS CF DAVID CAPISTRANO FILHO - AP 52,18 - CAMPO GRANDE,"AVENIDA CESARIO DE MELO, S/N",INHOAIBA
4046307,SMS CMS HAMILTON LAND - AP 40,34 - CIDADE DE DEUS,"AV EDGARD WERNECK, 1601",CIDADE DE DEUS
6421482,SMS UPA 24H MANGUINHOS - AP 31,7 - SAO CRISTOVAO,"AV DOM HELDER CAMARA, 1390",BENFICA
2295407,SMS HOSPITAL MUNICIPAL ROCHA FARIA - AP 52,18 - CAMPO GRANDE,"AV CESARIO DE MELO, 3215",CAMPO GRANDE
2269376,SMS CMS HEITOR BELTRAO - AP 22,8 - TIJUCA,"RUA DESEMBARGADOR ISIDRO, 144",TIJUCA
5456932,FIOCRUZ/ENSP/CENTRO DE SAUDE ESCOLA GERMANO SINVAL FARIA,10 - RAMOS,"RUA LEOPOLDO BULHOES, 1480",MANGUINHOS
7722494,SMS CF FAIM PEDRO - AP 51,33 - REALENGO,"RUA MARECHAL AGRICOLA, S/N",REALENGO
2296306,SMS RIO HOSPITAL MUNICIPAL SALGADO FILHO,13 - MEIER,"ARQUIAS CORDEIRO, 370",MEIER
2273381,SMS HOSPITAL MUNICIPAL JURANDYR MANFREDINI - AP 40,16 - JACAREPAGUA,"RUA SAMPAIO CORREIA, S/N",JACAREPAGUA
2269546,SMS CMS DR OSWALDO VILELLA - AP 52,18 - CAMPO GRANDE,"RUA JOMAR MENDES, S/N",CAMPO GRANDE
6618855,SMS CF SERGIO AROUCA - AP 53,19 - SANTA CRUZ,"RUA DO IMPERIO, S/N",SANTA CRUZ
2291266,SMS RIO HOSPITAL MUNICIPAL FRANCISCO DA SILVA TELLES,14 - IRAJA,"UBIRAJARA, 25",IRAJA
6571956,SMS CF JOSUETE SANTANNA DE OLIVEIRA - AP 33,22 - ANCHIETA,"RUA LUIZ COUTINHO CAVALCANTI, S/N",GUADALUPE
2708426,SMS CMS ERNANI AGRICOLA - AP 10,23 - SANTA TERESA,"RUA CONSTANT JARDIM, 8",SANTA TERESA
6927319,SMS CF PADRE JOSE DE AZEVEDO TIUBA - AP 40,16 - JACAREPAGUA,"RUA ACAPORI, S/N",GARDENIA AZUL
6716598,SMS CF MAURY ALVES DE PINHO - AP 40,24 - BARRA DA TIJUCA,"ESTRADA DOS BANDEIRANTES, 11227",VARGEM PEQUENA
7990286,SMS CMS ROCHA MAIA - AP 21,4 - BOTAFOGO,"RUA GENERAL SEVERIANO, 91",BOTAFOGO
6618871,SMS CF JAMIL HADDAD - AP 53,19 - SANTA CRUZ,"RUA SOLDADO JOAO ROTELO, S/N",PACIENCIA
2273349,SMS RIO HOSPITAL RAPHAEL DE PAULA SOUZA,16 - JACAREPAGUA,"ESTRADA DE CURICICA, 2000",JACAREPAGUA
7041624,SMS HOSPITAL MUNICIPAL DA MULHER MARISKA RIBEIRO - AP 51,17 - BANGU,"PRACA 1 DE MAIO, S/N",BANGU
2295237,SMS CF JOAO BATISTA CHAGAS - AP 53,19 - SANTA CRUZ,"RUA PITOMBEIRAS, S/N",PACIENCIA
2273187,SMS HOSPITAL MUNICIPAL ALVARO RAMOS - AP 40,16 - JACAREPAGUA,"RUA ADAUTO BOTELHO, S/N",JACAREPAGUA
6820018,SMS CF BARBARA STARFIELD - AP 32,12 - INHAUMA,"RUA VOLTA GRANDE, S/N",DEL CASTILHO
5417708,SMS CF SOUZA MARQUES - AP 33,15 - MADUREIRA,"PRACA PATRIARCA, S/N",MADUREIRA
6927289,SMS CF OTTO ALVES DE CARVALHO - AP 40,16 - JACAREPAGUA,"AVENIDA ENGENHEIRO SOUZA FILHO, 200",JACAREPAGUA
6568491,SMS CF MARIA SEBASTIANA DE OLIVEIRA - AP 31,20 - ILHA DO GOVERNADOR,"AVENIDA DOS MAGISTERIOS, S/N",TAUA
6926797,SMS CMS RODOLPHO ROCCO - AP 32,12 - INHAUMA,"RUA LAGOA VERDE, S/N",INHAUMA
2708213,SMS CMS HARVEY RIBEIRO DE SOUZA FILHO - AP 40,24 - BARRA DA TIJUCA,"AVENIDA GUIOMAR NOVAES, 133",RECREIO DOS BANDEIRANTES
2269945,SMS RIO HOSPITAL MATERNIDADE ALEXANDER FLEMING,15 - MADUREIRA,"JORGE SHMIDT, 331",MARECHAL HERMES
2270455,SMS CMS PADRE MIGUEL - AP 51,17 - BANGU,"RUA SANTO EVALDO, S/N",PADRE MIGUEL
6793231,SMS CF EPITACIO SOARES REIS - AP 33,25 - PAVUNA,"AV CHISOSTOMO PIMENTEL DE OLIVEIRA, S/N",PAVUNA
6028233,SMS CF ESTACIO DE SA - AP 10,3 - RIO COMPRIDO,"RUA DO BISPO, 159",RIO COMPRIDO
6524486,SMS CF RODRIGO Y AGUILAR ROIG - AP 31,29 - COMPLEXO DO ALEMAO,"ESTRADA DO ITARARE, 650",COMPLEXO DO ALEMAO
6029825,SMS CMS CARLOS ALBERTO NASCIMENTO - AP 52,18 - CAMPO GRANDE,"PRACA MAJOR VIEIRA DE MELO, 0",CAMPO GRANDE
6694101,SMS PADI SALGADO FILHO - AP 32,13 - MEIER,"RU ASANTA FE, S/N",MEIER
6648371,SMS CF HANS JURGEN FERNANDO DOHMANN - AP 52,26 - GUARATIBA,"ESTRADA DO PIAI, S/N",GUARATIBA
9029354,SMS CAPS CARLOS AUGUSTO DA SILVA - MAGAL - AP 31,28 - JACAREZINHO,"AVENIDA DOM HELDER CAMARA, 1184",JACAREZINHO
5476844,SMS CMS VILA DO JOAO - AP 31,30 - COMPLEXO DA MARE,"RUA 17, S/N",MARE
2296551,SMS CMS AMERICO VELOSO - AP 31,30 - COMPLEXO DA MARE,"RUA GERSON FERREIRA, 100",MARE
7995520,SMS CF MAICON SIQUEIRA - AP 40,16 - JACAREPAGUA,"AVENIDA SALVADOR ALLENDE, S/N",JACAREPAGUA
7108265,SMS CF DANTE ROMANO JUNIOR - AP 33,15 - MADUREIRA,"RUA CAROLINA MACHADO, S/N",MARECHAL HERMES
9045023,SMS CF OLGA PEREIRA PACHECO - AP 32,13 - MEIER,"RUA ANA QUINTAO, 348",PIEDADE
6694330,SMS PADI MIGUEL COUTO - AP 21,6 - LAGOA,"RUA MARIO RIBEIRO, 80",LAGOA
7986505,SMS CF LUIZ CELIO PEREIRA - AP 32,13 - MEIER,"RUA DA ABOLICAO, 303",ABOLICAO
9127100,SMS CF JOSE NEVES - AP 40,16 - JACAREPAGUA,RUA QUINTANILHA SN,JACAREPAGUA
9057722,SMS CF ADERSON FERNANDES - AP 33,15 - MADUREIRA,"RUA URURAI, S/N",HONORIO GURGEL
7166494,SMS HOSPITAL MUNICIPAL EVANDRO FREIRE - AP 31,20 - ILHA DO GOVERNADOR,"ESTRADA DO GALEAO, 2920",PORTUGUESA
2269953,SMS CMS SALLES NETTO - AP 10,3 - RIO COMPRIDO,"PRACA CONDESSA PAULO DE FRONTIN, 52",RIO COMPRIDO
9654151,SMS COORD DE EMERGENCIA REGIONAL CER REALENGO - AP 51,33 - REALENGO,"RUA NILOPOLIS, 329",REALENGO
6185045,SMS CAPSI JOAO DE BARRO - AP 52,18 - CAMPO GRANDE,"ESTRADA DO CAMPINHO, S/N",CAMPO GRANDE
2708175,SMS POLICLINICA NEWTON BETHLEM - AP 40,16 - JACAREPAGUA,"RUA BARAO, 259",JACAREPAGUA
2269562,SMS CMS MARIO RODRIGUES CID - AP 52,18 - CAMPO GRANDE,"RUA MATUREIA, S/N",COSMOS
7873565,SMS CF JOSE DE SOUZA HERDY - AP 40,24 - BARRA DA TIJUCA,"AVENIDA AYRTON SENNA, 2200",BARRA DA TIJUCA
3567532,SMS CAPS PROFETA GENTILEZA - AP 52,18 - CAMPO GRANDE,"ESTRADA DE INHOAIBA, 849",INHOAIBA
6914152,SMS CF BIBI VOGEL - AP 32,12 - INHAUMA,"ESTRADA ADHEMAR BEBIANO, 3686",ENGENHO DA RAINHA
5179726,SMS CF ALOYSIO AUGUSTO NOVIS - AP 31,11 - PENHA,"AVENIDA BRAS DE PINA, 651",PENHA CIRCULAR
5423430,SMS CAPSI MARIA CLARA MACHADO - AP 32,13 - MEIER,"RUA GOMES SERPA, 49",PIEDADE
9061398,SMS CF MEDALHISTA OLIMPICO BRUNO SCHMIDT - AP 52,18 - CAMPO GRANDE,"RUA MANOEL JULIAO DE MEDEIROS, S/N",CAMPO GRANDE
2270072,SMS CMS DR ALBERT SABIN - AP 21,27 - ROCINHA,"ESTRADA DA GAVEA, 250",ROCINHA
6631169,SMS UPA 24 H ENGENHO DE DENTRO - AP 32,13 - MEIER,"RUA BERNARDO, S/N",ENGENHO DE DENTRO
7638086,SMS CF PEDRO ERNESTO - AP 22,9 - VILA ISABEL,"RUA VINTE E OITO DE SETEMBRO, 109",VILA ISABEL
6671020,SMS CF EDSON ABDALLA SAAD - AP 53,19 - SANTA CRUZ,"AVENIDA CESARIO DE MELO, 25",SANTA CRUZ
6661904,SMS UPA 24H MADUREIRA - AP 33,15 - MADUREIRA,"PRACA DOS LAVRADORES, S/N",MADUREIRA
3567567,SMS CF ALKINDAR SOARES PEREIRA FILHO - AP 52,26 - GUARATIBA,"ESTRADA DA PEDRA, S/N",GUARATIBA
9067078,SMS CF ODALEA FIRMO DUTRA - AP 22,9 - VILA ISABEL,"RUA BOTUCATU, 633",GRAJAU
2270013,SMS CMS CECILIA DONNANGELO - AP 40,24 - BARRA DA TIJUCA,"ESTRADA DOS BANDEIRANTES, 21136",VARGEM PEQUENA
5240832,SMS CAPS FERNANDO DINIZ - AP 31,11 - PENHA,"RUA LEOPOLDINA REGO, 754",OLARIA
7021771,SMS CF RAIMUNDO ALVES NASCIMENTO - AP 33,22 - ANCHIETA,"RUA MARCOS DE MACEDO, S/N",GUADALUPE
7063679,SMS PADI LOURENCO JORGE - AP 40,24 - BARRA DA TIJUCA,"AV AYRTON SENNA, 2000",BARRA DA TIJUCA
6514022,SMS CF VICTOR VALLA - AP 31,28 - JACAREZINHO,"AVENIDA DOM HELDER CAMARA, 1390",JACAREZINHO
3403238,SMS CAPS RUBENS CORREA - AP 33,14 - IRAJA,"RUA CAPITAO ALIATAR MARTINS, 231",IRAJA
2269511,SMS CMS GARFIELD DE ALMEIDA - AP 52,18 - CAMPO GRANDE,"RUA GENERAL PAULO DE OLIVEIRA, 226",CAMPO GRANDE
2269309,SMS CMS CARLOS CRUZ LIMA - AP 33,14 - IRAJA,"ESTRADA DO COLEGIO, 983",COLEGIO
2280744,SMS CMS CARLOS GENTILLE DE MELLO - AP 32,13 - MEIER,"RUA BICUIBA, 181",ENGENHO NOVO
9107835,SMS CF VALTER FELISBINO DE SOUZA - AP 31,10 - RAMOS,"RUA DIOMEDES TROTA, 259",RAMOS
6681379,SMS CF HERBERT JOSE DE SOUZA - AP 32,12 - INHAUMA,"AVENIDA PASTOR MARTIN LUTHER KING JUNIOR, 4776",TOMAS COELHO
9391983,SMS CMS JOSE PARANHOS FONTENELLE - AP 31,11 - PENHA,"RUA LEOPOLDINA REGO, 700",PENHA
2296527,SMS POLICLINICA JOSE PARANHOS FONTENELLE - AP 31,11 - PENHA,"RUA LEOPOLDINA REGO, 700",PENHA
2280299,SMS POLICLINICA ANTONIO RIBEIRO NETTO - AP 10,2 - CENTRO,"AV TREZE DE MAIO, 23",CENTRO
5465877,SMS CMS NOVO PALMARES - AP 40,24 - BARRA DA TIJUCA,"RUA JACARANDA, 16",VARGEM PEQUENA
5598435,SMS CMS TIA ALICE - AP 32,13 - MEIER,"R SANTOS MELLO, 73",SAO FRANCISCO XAVIER
2280191,SMS POLICLINICA LINCOLN DE FREITAS FILHO - AP 53,19 - SANTA CRUZ,"RUA ALVARO ALBERTO, 601",SANTA CRUZ
9442251,SMS CF JEREMIAS MORAES DA SILVA - AP 31,30 - COMPLEXO DA MARE,"RUA TEIXEIRA RIBEIRO, S/N",MARE
6784720,SMS CMS ITANHANGA - AP 40,24 - BARRA DA TIJUCA,"ESTRADA DO ITANHANGA, 270",ITANHANGA
5717256,SMS HOSPITAL MUNICIPAL RONALDO GAZOLLA - AP 33,25 - PAVUNA,"AV PASTOR MARTIN LUTHER KING, 10976",ACARI
2269902,SMS CMS JOSE BREVES DOS SANTOS - AP 31,31 - VIGARIO GERAL,"RUA MAR GRANDE, 10",CORDOVIL
2277301,SMS CMS MANOEL ARTHUR VILLABOIM - AP 10,21-  PAQUETA,"PRACA BOM JESUS, 40",PAQUETA
6572014,SMS CF LOURENCO DE MELLO - AP 53,19 - SANTA CRUZ,"RUA CORONEL TITO PORTO CARRERO, S/N",PACIENCIA
2277271,SMS INST DE MEDICINA VETERINARIA JORGE VAITSMAN - AP10,7 - SAO CRISTOVAO,"AV. BARTOLOMEU DE GUSMAO, 1120",SAO CRISTOVAO
2270714,SMS RIO HOSPITAL MATERNIDADE FERNANDO MAGALHAES,7 - SAO CRISTOVAO,"GENERAL JOSE CRISTINO, 87",SAO CRISTOVAO
2273586,SMS CMS EMYDIO CABRAL - AP 53,19 - SANTA CRUZ,"RUA IEDA SANTOS DELGADO, 3",PACIENCIA
6598544,SMS UPA 24 H JOAO XXIII - AP 53,19 - SANTA CRUZ,"AV. JOAO XXIII, S/N",SANTA CRUZ
2296543,SMS CMS JORGE SALDANHA BANDEIRA DE MELLO - AP40,16 - JACAREPAGUA,"AVENIDA GEREMARIO DANTAS, 135",TANQUE
9075143,SMS CF KLEBEL DE OLIVEIRA ROCHA - AP 31,10 - RAMOS,"PRACA CLOMIR TELES CERBINO, S/N",OLARIA
7874162,SMS CF WILSON MELLO SANTOS ( ZICO) - AP51,17 - BANGU,"ESTRADA SARGENTO MIGUEL FILHO, S/N",VILA KENNEDY
5044685,SMS CF ENFERMEIRA EDMA VALADAO - AP 33,25 - PAVUNA,"AV. BRASIL, 18.476",ACARI
6995462,SMS HOSPITAL MUNICIPAL PEDRO II - AP 53,19 - SANTA CRUZ,"RUA DO PRADO, 325",SANTA CRUZ
6716911,SMS COORD DE EMERGENCIA REGIONAL CER CENTRO - AP 10,2 - CENTRO,"RUA FREI CANECA, S/N",CENTRO
9016805,SMS CF NILDA CAMPOS DE LIMA - AP 31,31 - VIGARIO GERAL,"RUA OLIVEIRA MELO, S/N",CORDOVIL
2277298,SMS CMS FERNANDO A BRAGA LOPES CAJU - AP 10,1 - PORTUARIA,"RUA CARLOS SEIDL, 785",CAJU
7892802,SMS CF ADOLFO FERREIRA DE CARVALHO - AP 33,25 - PAVUNA,"ESTRADA JOAO PAULO, 1007",BARROS FILHO
6029965,SMS CF MARCOS VALADAO - AP 33,25 - PAVUNA,"AV. PASTOR MARTIN LUTHER KING JR, 10976",ACARI
5874408,SMS CAPS TORQUATO NETO - AP 32,13 - MEIER,"RUA HONORIO, 461",INHAUMA
2708434,SMS CMS MANOEL JOSE FERREIRA - AP 21,4 - BOTAFOGO,"RUA SILVEIRA MARTINS, 161",CATETE
7052049,SMS CF CARIOCA - AP 32,13 - MEIER,"RUA BERGAMO, 320",ROCHA
6873960,SMS CF SERGIO VIEIRA DE MELLO - AP 10,3 - RIO COMPRIDO,"AVENIDA TRINTA E UM DE MARCO, S/N",CATUMBI
9090010,SMS CAPS III OSWALDO DOS SANTOS - AP 32,12 - INHAUMA,"RUA LAGOA CLARA, S/N",INHAUMA
6852203,SMS CF KELLY CRISTINA DE SA LACERDA SILVA - AP 51,17 - BANGU,"AVENIDA CARLOS SAMPAIO CORREA, S/N",SENADOR CAMARA
2296535,SMS CMS NAGIB JORGE FARAH - AP 31,31 - VIGARIO GERAL,"PRACA SOLDADO MICHEL CHEIB, S/N",JARDIM AMERICA
2270463,SMS CMS ATHAYDE JOSE DA FONSECA - AP 51,17 - BANGU,"AV DEZENOVE DE ABRIL RUA ROQUE BARBOSA, S/N",BANGU
2708205,SMS CMS MARIO OLINTO DE OLIVEIRA - AP 33,15 - MADUREIRA,"RUA FERRAZ, 2",CASCADURA
2270579,SMS CMS DR EITHEL PINHEIRO DE OLIVEIRA LIMA - AP 51,17 - BANGU,"ESTRADA DO TAQUARAL, S/N",SENADOR CAMARA
6551556,SMS CAPS MARIA DO SOCORRO SANTOS - AP 21,27 - ROCINHA,"ESTRADA DA GAVEA, 522",ROCINHA
7110324,SMS PADI PEDRO II - AP 53,19 - SANTA CRUZ,"RUA DO PRADO, 325",SANTA CRUZ
9051538,SMS CAPS III MANOEL DE BARROS - AP 40,16 - JACAREPAGUA,"RUA NOSSA SENHORA DOS REMEDIOS, S/N",TAQUARA
5315050,SMS CMS PORTUS E QUITANDA - AP 33,25 - PAVUNA,"RUA JORGE NOGUEIRA, S/N",PAVUNA
2269651,SMS CMS DOM HELDER CAMARA - AP 21,4 - BOTAFOGO,"RUA VOLUNTARIOS DA PATRIA, 136",BOTAFOGO
2270269,SMS HOSPITAL MUNICIPAL MIGUEL COUTO - AP 21,6 - LAGOA,"RUA MARIO RIBEIRO, 117",GAVEA
2269368,SMS POLICLINICA HELIO PELLEGRINO - AP 22,8 - TIJUCA,"RUA DO MATOSO, 96",PRACA DA BANDEIRA
9023089,SMS CF ROGERIO PINTO DA MOTA - AP 51,33 - REALENGO,"RUA MAGALHAES GANDAVO - PRACA DO BOM CONSELHO, 204",REALENGO
6901042,SMS CF NILDO EYMAR DE ALMEIDA AGUIAR - AP 51,33 - REALENGO,"ESTRADA GENERAL AMERICANO FREIRE, S/N",REALENGO
7810172,SMS CF SANDRA REGINA SAMPAIO DE SOUZA - AP 51,17 - BANGU,"AVENIDA SANTA CRUZ, S/N",SENADOR CAMARA
6808077,SMS CF ANTHIDIO DIAS DA SILVEIRA - AP 32,28 - JACAREZINHO,"AVENIDA DOM HELDER CAMARA, S/N",JACAREZINHO
5465885,SMS CMS SANTA MARIA - AP 40,16 - JACAREPAGUA,"ESTRADA DO RIO PEQUENO, S/N",JACAREPAGUA
5620287,SMS CF AGENOR DE MIRANDA ARAUJO NETO - AP 52,18 - CAMPO GRANDE,"ESTRADA DO MATO ALTO, S/N",CAMPO GRANDE
2291274,SMS CMS JOSE MESSIAS DO CARMO - AP 10,1 - PORTUARIA,"RUA WALDEMAR DUTRA, 55",SANTO CRISTO
2708183,SMS CMS DECIO AMARAL FILHO - AP 53,19 - SANTA CRUZ,"RUA CILON CUNHA BRUM, S/N",SANTA CRUZ
3785025,SMS CF RECANTO DO TROVADOR - AP 22,9 - VILA ISABEL,"RUA VISCONDE DE SANTA ISABEL, 272",VILA ISABEL
5476607,SMS CF ADIB JATENE - AP 31,30 - COMPLEXO DA MARE,"AVENIDA BENTO RIBEIRO DANTAS, S/N",MARE
6855709,SMS CF PADRE JOHN CRIBBIN (PADRE JOAO) - AP 51,33 - REALENGO,"ESTRADA MANOEL NOGUEIRA DE SA, S/N",REALENGO
6503772,SMS CF MARIA DO SOCORRO / ROCINHA - AP 21,27 - ROCINHA,"ESTRADA DA GAVEA, 522",ROCINHA
3796310,SMS CMS VILA CANOAS - AP 21,6 - LAGOA,"ESTRADA DAS CANOAS, 610",SAO CONRADO
3416321,SMS CF ANTONIO GONCALVES DA SILVA - AP 51,33 - REALENGO,"ESTRADA DO ENGENHO NOVO, S/N",REALENGO
6632831,SMS CMS CHAPEU MANG BABILONIA - AP 21,5 - COPACABANA,"RUA SAO FRANCISCO, 5",LEME
2270390,SMS HOSPITAL MATERNIDADE HERCULANO PINHEIRO - AP 33,15 - MADUREIRA,"AV MIN EDGARD ROMERO, 276",MADUREIRA
6938124,SMS UPA 24 H PACIENCIA - AP 53,19 - SANTA CRUZ,"ESTRADA SANTA EUGENIA, S/N",PACIENCIA
7072406,SMS CENTRO DE CONTROLE DE ZOONOSES - AP53,19 - SANTA CRUZ,"LARGO DO BODEGAO, 150",SANTA CRUZ
6635709,SMS CF JOSE DE PAULA LOPES PONTES - AP 52,26 - GUARATIBA,"RUA JABURU, S/N",GUARATIBA
5358612,SMS CMS CASA BRANCA - AP 22,8 - TIJUCA,"ESTRADA DA CASA BRANCA, 200",TIJUCA
3820599,SMS CF ARMANDO PALHARES AGUINAGA - AP 51,33 - REALENGO,"AV SANTA CRUZ, S/N",REALENGO
9072640,SMS CF MESTRE MOLEQUINHO DO IMPERIO - AP 33,15 - MADUREIRA,"RUA IGUACU, S/N",ENGENHEIRO LEAL
7052006,SMS CAPSI MAURICIO DE SOUSA - AP 21,4 - BOTAFOGO,"AVENIDA VENCESLAU BRAS, 65",BOTAFOGO
7856954,SMS CMS NEWTON ALVES CARDOZO - AP 31,20 - ILHA DO GOVERNADOR,"RUA DR ANTONIO MONTEIRO ANTIGA RUA COMBU, 191",JARDIM CARIOCA
2270552,SMS CMS SILVIO BARBOSA - AP 51,17 - BANGU,"RUA RODRIGUES DE FREITAS, S/N",SENADOR CAMARA
6581994,SMS CF JOSE ANTONIO CIRAUDO - AP 53,19 - SANTA CRUZ,"AVENIDA AREIA BRANCA, 1428",SANTA CRUZ
2280205,SMS CMS RODOLPHO PERISSE / VIDIGAL - AP 21,6 - LAGOA,"AV. PRESIDENTE JOAO GOULART, 735",VIDIGAL
6919626,SMS CF SERGIO NICOLAU AMIN - AP 32,12 - INHAUMA,"PRACA DA CONFEDERACAO SUICA, S/N",DEL CASTILHO
7113137,SMS CAPSI HEITOR VILLA LOBOS - AP 33,15 - MADUREIRA,"RUA PADRE MANSO, S/N",MADUREIRA
2270293,SMS CMS RAUL BARROSO - AP 52,26 - GUARATIBA,"AV ROBERTO BURLE MAX, S/N",GUARATIBA
2270242,SMS HOSPITAL MUNICIPAL BARATA RIBEIRO AP. 1.0,7 - SAO CRISTOVAO,"RUA VISCONDE DE NITEROI, 1450",MANGUEIRA
5546591,SMS CF MARIA JOSE DE SOUSA BARBOSA - AP 51,17 - BANGU,"ESTRADA DO TAQUARAL, 100",BANGU
265233,SMS CF PADRE MARCOS VINICIO MIRANDA VIEIRA - AP 40,24 - BARRA DA TIJUCA,ESTRADA DO ITANHANGA S/N ITANHANGA,ITANHANGA
9078983,SMS CF CYPRIANO DAS CHAGAS MEDEIROS - AP 33,25 - PAVUNA,"RUA JUMIRIM, 87",COELHO NETO
6023983,SMS CSE SAO FRANCISCO DE ASSIS - AP 10,3 - RIO COMPRIDO,"RUA AFONSO CAVALCANTI, 20",CIDADE NOVA
2280248,SMS MATERNIDADE CARMELA DUTRA AP 32,13 - MEIER,"RUA AQUIDABA, 1037",LINS DE VASCONCELOS
2269732,SMS CMS CARMELA DUTRA - AP 33,15 - MADUREIRA,"AV. DOS ITALIANOS, 480",ROCHA MIRANDA
7656106,SMS CAPS AD III PAULO DA PORTELA - AP 33,15 - MADUREIRA,"RUA PIRAPORA, 69",TURIACU
7985657,SMS CF EIDIMIR THIAGO DE SOUZA - AP 31,31 - VIGARIO GERAL,"RUA CORDOVIL, 1242",CORDOVIL
7080522,SMS CAPS AD III ANTONIO CARLOS MUSSUM - AP 40,16 - JACAREPAGUA,"AVENIDA SAMPAIO CORREA, 0",TAQUARA
2806320,SMS CMS SAVIO ANTUNES / ANTARES - AP 53,19 - SANTA CRUZ,"AVENIDA HERMINIA AURELIO SAMPAIO, 105",PACIENCIA
6974708,SMS CF MAESTRO CELESTINO - AP 33,15 - MADUREIRA,"RUA LOURENCO MARQUES, 70",MARECHAL HERMES
6618863,SMS CF HELANDE DE MELLO GONCALVES - AP 53,19 - SANTA CRUZ,"ESTRADA DE PACIENCIA, S/N",PACIENCIA
6559735,SMS CF LENICE MARIA MONTEIRO COELHO - AP 53,19 - SANTA CRUZ,"RUA JOSE CARLOS MATTA MACHADO, S/N",SANTA CRUZ
6527027,SMS CAPS JOAO FERREIRA SILVA FILHO - AP 31,29 - COMPLEXO DO ALEMAO,"ESTRADA DO ITARARE, 951",COMPLEXO DO ALEMAO
2280280,SMS CMS NICOLA ALBANO - AP 22,8 - TIJUCA,"RUA BOA VISTA, 190",ALTO DA BOA VISTA
2270323,SMS CMS ADAO PEREIRA NUNES - AP 52,18 - CAMPO GRANDE,"RUA FLORESTAL, S/N",INHOAIBA
2269295,SMS CMS CLEMENTINO FRAGA - AP 33,14 - IRAJA,"RUA CAICARA, 514",IRAJA
9080163,SMS CF MEDALHISTA OLIMPICO RICARDO LUCARELLI SOUZA AP 10,3 - RIO COMPRIDO,"RUA FREI CANECA, S/N",ESTACIO
193089,SMS CF CRISTIANI VIEIRA PINHO AP - 51,17 - BANGU,PRACA LEALDINA MUNIZ,BANGU
7892810,SMS CF BARBARA MOSLEY DE SOUZA- AP 40,16 - JACAREPAGUA,"AVENIDA OTAVIO MALTA, S/N",ANIL
5546583,SMS CMS CATIRI - AP 51,17 - BANGU,"RUA TRES MARIAS, S/N",BANGU
6023916,SMS CF FIORELLO RAYMUNDO - AP 51,17 - BANGU,"RUA ACAFRAO, S/N",BANGU
6023975,SMS CF DONA ZICA - AP 10,13 - MEIER,"RUA JOAO RODRIGUES, 43",SAO FRANCISCO XAVIER
2280779,SMS CMS NECKER PINTO - AP 31,20 - ILHA DO GOVERNADOR,"ESTRADA RIO JEQUIA, 428",CACUIA
7036884,SMS CF SONIA MARIA FERREIRA MACHADO - AP 52,18 - CAMPO GRANDE,"ESTRADA DA POSSE, S/N",SANTISSIMO
9311661,SMS CF ROMULO CARLOS TEIXEIRA - AP 51,33 - REALENGO,"PRACA MAROBA, S/N",REALENGO
6761704,SMS CF MARIA DE AZEVEDO RODRIGUES PEREIRA - AP 33,22 - ANCHIETA,"PRACA PROFESSORA SANTINHA, S/N",PARQUE ANCHIETA
7119798,SMS CF CARLOS NERY DA COSTA FILHO - AP 33,15 - MADUREIRA,"RUA CLARIMUNDO DE MELO, 847",QUINTINO BOCAIUVA
6575900,SMS UPA 24H CIDADE DE DEUS - AP 40,34 - CIDADE DE DEUS,"RUA EDGAR WERNECK, S/N",CIDADE DE DEUS
5315026,SMS CMS FAZENDA BOTAFOGO - AP 33,25 - PAVUNA,"RUA ARNALDO GUINLE, S/N",COELHO NETO
6029841,SMS CF ROGERIO ROCCO - AP 52,18 - CAMPO GRANDE,"ESTRADA DO ENCANAMENTO, S/N",COSMOS
7107366,SMS COORD DE EMERGENCIA REGIONAL CER ILHA DO GOV - AP 31,20 - ILHA DO GOVERNADOR,"ESTRADA DO GALEAO, 2920",PORTUGUESA
5670357,SMS CMS VILA DO CEU - AP 52,18 - CAMPO GRANDE,"RUA GUARUJA, 69",COSMOS
2296586,SMS CMS NASCIMENTO GURGEL - AP 33,25 - PAVUNA,"RUA MERCURIO, S/N",PAVUNA
2277328,SMS CMS OSWALDO CRUZ - AP 10,23 - SANTA TERESA,"AV HENRIQUE VALADARES, 151",CENTRO
2273543,SMS CMS FLORIPES GALDINO PEREIRA - AP 53,19 - SANTA CRUZ,"RUA SRG GERALDO BERTI, 0",SANTA CRUZ
7894554,SMS CF ISABELA SEVERO DA SILVA - AP 52,18 - CAMPO GRANDE,"RUA VOTORANTIM, 664",CAMPO GRANDE
2280272,SMS CMS MARIA AUGUSTA ESTRELLA - AP 22,9 - VILA ISABEL,"RUA VISCONDE DE SANTA ISABEL, 56",VILA ISABEL
6932916,SMS CF JOAOSINHO TRINTA - AP 31,31 - VIGARIO GERAL,"RUA ANAMA - PRACA JOSE DA MATTA, S/N",VIGARIO GERAL
2708418,SMS CAPSI PEQUENO HANS - AP 51,33 - REALENGO,"AVENIDA CARLOS PONTES, S/N",JARDIM SULACAP
9160876,SMS COORDENACAO DE EMERGENCIA REGIONAL CER CAMPO GRANDE,18 - CAMPO GRANDE,"AVENIDA CESARIO DE MELO, 3215",CAMPO GRANDE
7908237,SMS CF LECY RANQUINE- AP 52,19 - SANTA CRUZ,"ESTRADA DO CAMPINHO, S/N",INHOAIBA
7027397,SMS MATERNIDADE MARIA AMELIA BUARQUE DE HOLLANDA - AP 10,2 - CENTRO,"RUA MONCORVO FILHO, 67",CENTRO
6026737,SMS CMS ADELINO SIMOES - NOVA SEPETIBA - AP 53,19 - SANTA CRUZ,"AVENIDA SETE, S/N",SEPETIBA
2273179,SMS CMS AUGUSTO DO AMARAL PEIXOTO - AP 33,22 - ANCHIETA,"RUA JORNALISTA HERMANO REQUIAO, 447",GUADALUPE
5879655,SMS CMS ALICE TOLEDO TIBIRICA - AP 33,14 - IRAJA,"RUA JURITI, S/N",IRAJA
7523246,SMS CF NELIO DE OLIVEIRA - AP 10,1 - PORTUARIA,"RUA RIVADAVIA CORREA, 188",GAMBOA
6680704,SMS UPA 24H COSTA BARROS - AP 33,25 - PAVUNA,"EST. BOTAFOGO, S/N",COSTA BARROS
7896204,SMS CF ALICE DE JESUS REGO - AP53,19 - SANTA CRUZ,"ESTRADA DOS PALMARES, S/N",SANTA CRUZ
5034272,SMS CAPS ARTHUR BISPO DO ROSARIO - AP 40,16 - JACAREPAGUA,"ESTRADA RODRIGUES CALDAS, 3400",TAQUARA
6716849,SMS COORD DE EMERGENCIA REGIONAL CER LEBLON - AP 21,6 - LAGOA,"RUA MARIO RIBEIRO, 1080",LEBLON
2708167,SMS CMS CESAR PERNETTA - AP 32,13 - MEIER,"RUA ANA BARBOSA, 21",MEIER
6762042,SMS CF EDNEY CANAZARO DE OLIVEIRA - AP 32,13 - MEIER,"AVENIDA MARECHAL RONDOM C/RUA ANTUNES GARCIA, S/N",SAMPAIO
6683851,SMS CF SAMUEL PENHA VALLE - AP 53,19 - SANTA CRUZ,"AV. CESARIO DE MELO, 12574",SANTA CRUZ
2270641,SMS CMS PEDRO NAVA - AP 52,18 - CAMPO GRANDE,"RUA DO PERNAMBUCANO, S/N",CAMPO GRANDE
6922031,SMS CMS MANOEL GUILHERME DA SILVEIRA FILHO - AP 51,17 - BANGU,"AV RIBEIRO DANTAS, 571",BANGU
6677711,SMS CF DALMIR DE ABREU SALGADO - AP 52,26 - GUARATIBA,"ESTRADA DO MAGARCA, 1831",GUARATIBA
9061401,SMS CF MEDALHISTA OLIMPICO ARTHUR ZANETTI - AP 52,18 - CAMPO GRANDE,"AVENIDA MARECHAL DANTAS BARRETO, S/N",CAMPO GRANDE
2269554,SMS CMS BELIZARIO PENNA - AP 52,18 - CAMPO GRANDE,"RUA FRANKLIN, 29",CAMPO GRANDE
6869009,SMS CF ANA MARIA CONCEICAO DOS SANTOS CORREIA - AP 33,14 - IRAJA,"RUA QUATRO, S/N",VILA KOSMOS
2298120,SMS HOSPITAL MUNICIPAL ALBERT SCHWEITZER - AP 51,33 - REALENGO,"RUA NILOPOLIS, 329",REALENGO
9345515,SMS CF DINIZ BATISTA DOS SANTOS - AP 31,30 - COMPLEXO DA MARE,"AVENIDA BRIGADEIRO TROMPOWSKY, S/N",MARE
2269627,SMS CMS SYLVIO FREDERICO BRAUNER - AP 33,25 - PAVUNA,"RUA DARWIN BRANDAO, S/N",COSTA BARROS
6487815,SMS UPA 24H VILA KENNEDY - AP 51,17 - BANGU,"PRACA DOLOMITAS, S/N",VILA KENNEDY
2273640,SMS CMS MADRE TERESA DE CALCUTA - AP 31,20 - ILHA DO GOVERNADOR,"AV ILHA DAS ENXADAS, 100",BANCARIOS
2270056,SMS HOSPITAL MUNICIPAL PAULINO WERNECK - AP 31,20 - ILHA DO GOVERNADOR,"ESTRADA DA CACUIA, 745",ILHA DO GOVERNADOR
6695566,SMS PS CASS - AP 10,3 - RIO COMPRIDO,"RUA AFONSO CAVALCANTE, 455",CIDADE NOVA
2708396,SMS CAPS SIMAO BACAMARTE - AP 53,19 - SANTA CRUZ,"R SENADOR CAMARA, 224",SANTA CRUZ
2288370,SMS CMS PINDARO DE CARVALHO RODRIGUES - AP 21,6 - LAGOA,"AV PADRE LEONEL FRANCA, S/N",GAVEA
2280795,SMS CMS JOAO BARROS BARRETO - AP 21,5 - COPACABANA,"RUA TENREIRO ARANHA, S/N",COPACABANA
6496989,SMS CF CANTAGALO PAVAO - PAVAOZINHO - AP 21,5 - COPACABANA,"LADEIRA SAINT ROMAN, 172",COPACABANA
2280787,SMS CMS NILZA ROSA - AP 22,8 - TIJUCA,"RUA CASTEL NUOVO, 150",TIJUCA
